profile_pic,nums_length_username,fullname_words,nums_length_fullname,name_username_match,description_length,external_url,private,posts,followers,follows,fake
1,0.0,3,0.0,0,98,0,0,138,367,355,0
1,0.2222222222222222,2,0.0,0,53,1,1,46,756,390,0
1,0.0,2,0.0,0,96,1,1,104,81,305,0
1,0.0,2,0.0,0,93,1,0,111,1088,254,0
1,0.0,2,0.0,0,86,0,1,147,131,325,0
1,0.3333333333333333,2,0.0,0,54,1,0,91,159,227,0
1,0.2857142857142857,2,0.0,0,91,0,0,75,1056,386,0
1,0.0,2,0.0,0,92,0,0,88,637,211,0
1,0.0,2,0.0,0,80,0,0,167,314,262,0
1,0.0,2,0.0,0,41,0,0,159,563,345,0
1,0.0,2,0.0,0,78,1,1,6,117,469,0
1,0.2,2,0.0,0,96,0,0,95,243,235,0
1,0.2222222222222222,2,0.0,0,71,0,0,0,219,320,0
1,0.2,2,0.0,0,77,1,1,103,117,211,0
1,0.0,2,0.0,0,78,1,1,67,969,286,0
1,0.0,2,0.0,0,70,1,0,134,231,242,0
1,0.0,2,0.0,0,68,0,1,118,199,258,0
1,0.25,2,0.0,0,63,0,0,219,1754,194,0
1,0.0,2,0.0,0,85,1,1,59,732,538,0
1,0.2857142857142857,2,0.0,0,81,0,0,119,59,553,0
1,0.0,2,0.0,0,70,0,0,90,1148,277,0
1,0.0,2,0.0,0,49,1,0,72,78,274,0
1,0.2,2,0.0,0,98,1,1,83,277,359,0
1,0.0,2,0.0,0,84,1,0,160,533,235,0
1,0.0,2,0.0,0,77,1,0,86,535,177,0
1,0.0,2,0.0,0,84,0,0,65,1526,261,0
1,0.0,2,0.0,0,81,0,0,56,1032,112,0
1,0.0,2,0.0,0,68,0,0,103,284,388,0
1,0.0,2,0.0,0,96,1,0,161,157,190,0
1,0.0,2,0.0,0,82,1,0,124,307,358,0
1,0.0,2,0.0,0,82,0,1,115,343,453,0
1,0.0,2,0.0,0,85,0,1,114,188,194,0
1,0.0,2,0.0,0,92,0,1,73,360,311,0
1,0.0,4,0.0,0,51,0,1,115,53,325,0
1,0.0,2,0.0,0,98,0,1,169,1411,211,0
1,0.0,2,0.0,0,67,1,0,193,83,210,0
1,0.0,2,0.0,0,83,0,0,100,419,390,0
1,0.0,2,0.0,0,61,0,0,137,185,368,0
1,0.0,2,0.0,0,90,0,1,43,139,278,0
1,0.0,2,0.0,0,80,1,1,130,215,162,0
1,0.0,2,0.0,0,66,0,0,87,242,174,0
1,0.2857142857142857,2,0.0,0,90,0,0,118,1238,231,0
1,0.2222222222222222,2,0.0,0,72,0,1,46,1364,245,0
1,0.0,2,0.0,0,95,1,1,82,153,201,0
1,0.2,2,0.0,0,72,0,1,135,532,402,0
1,0.0,2,0.0,0,50,0,0,105,408,356,0
1,0.0,2,0.0,0,77,0,1,156,452,302,0
1,0.0,2,0.0,0,80,0,1,128,782,281,0
1,0.2857142857142857,2,0.0,0,92,0,0,95,65,340,0
1,0.2,2,0.0,0,27,0,1,150,40,374,0
1,0.0,2,0.0,0,39,1,1,75,342,204,0
1,0.0,2,0.0,0,81,0,0,112,250,287,0
1,0.0,2,0.0,0,61,1,1,168,68,262,0
1,0.2,2,0.0,0,93,0,0,47,408,345,0
1,0.25,2,0.0,0,92,0,0,86,467,368,0
1,0.0,2,0.0,0,56,0,1,123,1051,244,0
1,0.0,2,0.0,0,74,1,1,65,269,378,0
1,0.0,2,0.0,0,46,0,1,32,289,334,0
1,0.0,2,0.0,0,79,0,1,12,237,195,0
1,0.0,2,0.0,0,90,1,0,56,1107,241,0
1,0.0,2,0.0,0,82,1,1,169,190,374,0
1,0.0,2,0.0,0,47,1,0,87,102,496,0
1,0.25,2,0.0,0,79,1,1,22,615,369,0
1,0.0,2,0.0,0,83,0,0,66,527,232,0
1,0.0,2,0.0,0,56,1,0,106,1293,464,0
1,0.25,2,0.0,0,99,0,0,157,511,317,0
1,0.2857142857142857,2,0.0,0,85,1,0,113,310,267,0
1,0.0,2,0.0,0,95,1,0,36,1484,345,0
1,0.0,2,0.0,0,84,0,0,127,796,64,0
1,0.25,2,0.0,0,43,0,0,154,374,295,0
1,0.0,2,0.0,0,97,1,1,111,170,499,0
1,0.0,2,0.0,0,67,0,0,86,183,170,0
1,0.0,2,0.0,0,56,1,1,97,71,271,0
1,0.0,2,0.0,0,65,0,0,107,735,292,0
1,0.0,2,0.0,0,90,0,0,80,895,146,0
1,0.0,2,0.0,0,28,0,0,136,534,237,0
1,0.0,2,0.0,0,74,1,0,45,848,271,0
1,0.0,2,0.0,0,85,1,1,148,384,469,0
1,0.0,2,0.0,0,72,1,1,36,758,254,0
1,0.0,2,0.0,0,92,1,0,88,301,167,0
1,0.0,2,0.0,0,99,0,1,80,1023,300,0
1,0.0,2,0.0,0,73,0,0,166,955,174,0
1,0.0,2,0.0,0,63,0,1,40,98,332,0
1,0.2857142857142857,2,0.0,0,70,1,1,178,138,300,0
1,0.0,2,0.0,0,86,0,1,144,1338,236,0
1,0.0,2,0.0,0,25,0,1,81,181,277,0
1,0.0,2,0.0,0,76,0,0,67,359,223,0
1,0.0,2,0.0,0,72,1,0,11,185,322,0
1,0.0,2,0.0,0,81,1,0,74,783,328,0
1,0.0,2,0.0,0,95,0,0,119,1426,313,0
1,0.0,2,0.0,0,60,0,1,140,346,422,0
1,0.3333333333333333,2,0.0,0,76,0,1,136,317,538,0
1,0.0,2,0.0,0,53,0,1,131,293,344,0
1,0.0,2,0.0,0,96,0,1,113,481,249,0
1,0.0,2,0.0,0,85,0,1,133,865,289,0
1,0.0,2,0.0,0,56,1,0,51,42,318,0
1,0.0,2,0.0,0,91,0,1,155,673,341,0
1,0.0,2,0.0,0,93,1,1,69,58,137,0
1,0.0,2,0.0,0,78,0,1,117,453,297,0
1,0.0,2,0.0,0,69,1,0,115,113,477,0
1,0.0,2,0.0,0,79,1,1,145,41,400,0
1,0.0,2,0.0,0,76,0,0,107,522,243,0
1,0.0,2,0.0,0,58,1,1,91,320,287,0
1,0.0,2,0.0,0,79,0,1,55,1599,328,0
1,0.0,2,0.0,0,78,0,1,70,711,430,0
1,0.0,2,0.0,0,85,1,1,127,55,124,0
1,0.0,3,0.0,0,79,1,0,128,3390,251,0
1,0.4,2,0.0,0,63,0,0,155,343,363,0
1,0.2222222222222222,2,0.0,0,99,0,1,162,721,199,0
1,0.0,2,0.0,0,90,0,1,155,66,214,0
1,0.25,2,0.0,0,47,1,0,106,413,354,0
1,0.0,2,0.0,0,94,1,1,112,362,292,0
1,0.0,2,0.0,0,98,1,1,136,300,241,0
1,0.0,2,0.0,0,98,0,0,65,264,387,0
1,0.18181818181818182,2,0.0,0,80,0,0,34,330,167,0
1,0.2222222222222222,2,0.0,0,82,0,1,57,2237,211,0
1,0.2222222222222222,2,0.0,0,92,1,1,127,644,246,0
1,0.0,2,0.0,0,85,0,0,211,463,342,0
1,0.0,2,0.0,0,88,0,1,149,58,350,0
1,0.2222222222222222,2,0.0,0,98,0,0,111,1387,333,0
1,0.2,2,0.0,0,77,1,1,206,977,240,0
1,0.0,2,0.0,0,30,0,0,73,729,279,0
1,0.25,2,0.0,0,67,0,0,54,1433,289,0
1,0.0,2,0.0,0,94,0,0,147,38,350,0
1,0.0,2,0.0,0,87,1,1,59,298,263,0
1,0.0,2,0.0,0,79,1,0,136,1178,221,0
1,0.2222222222222222,2,0.0,0,78,1,0,187,630,336,0
1,0.0,2,0.0,0,88,1,1,111,31,377,0
1,0.0,2,0.0,0,85,0,1,105,266,342,0
1,0.0,2,0.0,0,88,0,0,174,80,330,0
1,0.0,2,0.0,0,68,1,1,143,1502,366,0
1,0.2222222222222222,2,0.0,0,36,0,1,114,251,179,0
1,0.2857142857142857,2,0.0,0,81,1,1,177,1645,328,0
1,0.0,2,0.0,0,89,0,1,67,251,240,0
1,0.2,2,0.0,0,44,0,0,103,336,157,0
1,0.0,2,0.0,0,66,0,1,150,507,379,0
1,0.0,2,0.0,0,73,1,0,167,470,413,0
1,0.0,2,0.0,0,84,1,0,153,241,178,0
1,0.0,2,0.0,0,96,1,0,101,1236,252,0
1,0.2222222222222222,2,0.0,0,51,1,0,66,517,384,0
1,0.0,2,0.0,0,97,0,1,183,165,373,0
1,0.0,2,0.0,0,90,0,0,135,72,162,0
1,0.0,2,0.0,0,62,1,1,106,890,353,0
1,0.2857142857142857,2,0.0,0,93,0,0,104,504,414,0
1,0.25,2,0.0,0,22,1,1,23,96,188,0
1,0.0,2,0.0,0,40,0,1,123,215,39,0
1,0.2857142857142857,2,0.0,0,65,1,0,119,65,304,0
1,0.0,3,0.0,0,47,0,1,163,115,491,0
1,0.0,2,0.0,0,62,0,0,118,361,485,0
1,0.0,2,0.0,0,34,0,0,185,24,144,0
1,0.0,2,0.0,0,94,0,1,147,18,191,0
1,0.0,2,0.0,0,94,1,1,161,172,210,0
1,0.0,2,0.0,0,85,0,0,0,71,359,0
1,0.0,2,0.0,0,52,0,0,65,55,279,0
1,0.0,2,0.0,0,92,0,1,84,336,192,0
1,0.0,2,0.0,0,50,0,1,52,1103,296,0
1,0.0,2,0.0,0,75,0,0,121,71,215,0
1,0.0,2,0.0,0,79,1,0,99,130,308,0
1,0.0,3,0.0,0,66,0,0,95,755,400,0
1,0.0,2,0.0,0,74,1,1,140,150,309,0
1,0.0,2,0.0,0,91,0,1,122,154,437,0
1,0.0,2,0.0,0,60,1,1,78,40,289,0
1,0.0,2,0.0,0,68,1,0,36,2454,409,0
1,0.0,2,0.0,0,65,0,1,69,95,397,0
1,0.0,2,0.0,0,87,1,0,84,380,270,0
1,0.0,2,0.0,0,45,1,0,81,1218,165,0
1,0.0,2,0.0,0,50,0,0,131,583,413,0
1,0.0,2,0.0,0,77,1,0,34,177,234,0
1,0.0,2,0.0,0,54,1,1,45,315,536,0
1,0.0,2,0.0,0,92,1,0,133,938,252,0
1,0.0,2,0.0,0,85,0,0,165,1103,342,0
1,0.0,3,0.0,0,77,1,0,71,312,197,0
1,0.0,2,0.0,0,84,1,0,41,446,484,0
1,0.25,2,0.0,0,63,0,0,64,164,377,0
1,0.0,2,0.0,0,73,1,1,156,2518,327,0
1,0.0,2,0.0,0,93,1,0,117,79,271,0
1,0.2222222222222222,2,0.0,0,68,1,1,91,531,157,0
1,0.0,2,0.0,0,95,1,1,184,512,353,0
1,0.0,2,0.0,0,77,0,1,56,13,347,0
1,0.25,2,0.0,0,52,1,0,118,257,234,0
1,0.0,2,0.0,0,77,0,0,35,544,281,0
1,0.0,2,0.0,0,77,0,0,141,712,358,0
1,0.0,2,0.0,0,82,0,0,89,193,273,0
1,0.0,2,0.0,0,66,1,1,40,537,288,0
1,0.0,2,0.0,0,85,1,1,229,40,225,0
1,0.0,2,0.0,0,70,0,1,235,120,399,0
1,0.0,2,0.0,0,82,1,0,46,712,243,0
1,0.0,2,0.0,0,80,0,0,210,46,321,0
1,0.0,2,0.0,0,95,1,0,6,401,500,0
1,0.0,2,0.0,0,20,1,0,149,340,206,0
1,0.0,2,0.0,0,67,1,1,115,441,312,0
1,0.0,2,0.0,0,89,1,1,109,668,220,0
1,0.25,2,0.0,0,92,1,0,50,1491,359,0
1,0.2222222222222222,2,0.0,0,57,1,1,29,738,365,0
1,0.0,2,0.0,0,94,1,1,163,204,274,0
1,0.0,2,0.0,0,76,0,0,176,21,251,0
1,0.0,2,0.0,0,49,0,1,33,247,207,0
1,0.0,2,0.0,0,59,0,1,0,386,154,0
1,0.0,2,0.0,0,50,0,0,38,247,332,0
1,0.0,2,0.0,0,59,1,0,196,1670,311,0
1,0.0,2,0.0,0,74,1,1,78,1111,249,0
1,0.0,2,0.0,0,48,1,1,114,499,345,0
1,0.0,3,0.0,0,83,1,1,170,995,359,0
1,0.0,2,0.0,0,89,0,1,99,1050,283,0
1,0.0,2,0.0,0,98,0,0,141,692,145,0
1,0.25,2,0.0,0,86,0,1,130,204,409,0
1,0.25,2,0.0,0,46,0,0,162,864,282,0
1,0.0,2,0.0,0,94,1,0,124,1586,226,0
1,0.25,2,0.0,0,83,0,0,114,530,108,0
1,0.0,2,0.0,0,90,1,1,170,677,215,0
1,0.0,2,0.0,0,96,1,0,83,17,205,0
1,0.0,2,0.0,0,90,0,1,96,1870,279,0
1,0.0,2,0.0,0,96,1,0,162,523,238,0
1,0.0,2,0.0,0,82,1,1,90,646,244,0
1,0.0,2,0.0,0,30,0,0,43,1364,235,0
1,0.2857142857142857,2,0.0,0,69,0,1,57,19,284,0
1,0.0,2,0.0,0,59,0,1,57,388,131,0
1,0.0,2,0.0,0,76,0,1,80,153,222,0
1,0.0,2,0.0,0,70,1,1,196,53,262,0
1,0.0,2,0.0,0,75,0,0,146,66,473,0
1,0.0,2,0.0,0,37,1,1,51,408,250,0
1,0.0,2,0.0,0,87,0,0,65,429,339,0
1,0.0,2,0.0,0,62,1,1,121,113,401,0
1,0.0,2,0.0,0,63,0,1,116,1826,400,0
1,0.0,2,0.0,0,79,1,1,127,689,244,0
1,0.0,2,0.0,0,95,1,1,174,232,245,0
1,0.0,2,0.0,0,38,1,0,153,726,191,0
1,0.0,2,0.0,0,75,0,1,158,109,246,0
1,0.0,2,0.0,0,68,0,1,102,151,271,0
1,0.0,2,0.0,0,29,1,1,57,1280,252,0
1,0.25,3,0.0,0,17,0,0,68,355,238,0
1,0.0,2,0.0,0,84,1,0,138,138,239,0
1,0.0,3,0.0,0,37,0,0,191,184,291,0
1,0.0,2,0.0,0,35,1,1,87,1403,309,0
1,0.0,2,0.0,0,82,0,0,35,1773,418,0
1,0.0,2,0.0,0,61,0,1,130,642,284,0
1,0.2857142857142857,2,0.0,0,95,0,0,61,66,338,0
1,0.0,2,0.0,0,78,0,0,37,169,291,0
1,0.15384615384615385,2,0.0,0,48,1,0,25,28,311,0
1,0.2,2,0.0,0,73,1,1,49,335,340,0
1,0.18181818181818182,2,0.0,0,29,0,1,55,307,262,0
1,0.0,2,0.0,0,76,1,1,88,174,292,0
1,0.0,2,0.0,0,37,1,0,119,760,116,0
1,0.0,2,0.0,0,82,1,0,100,80,164,0
1,0.0,2,0.0,0,60,1,0,122,1191,342,0
1,0.2,2,0.0,0,54,0,1,79,698,187,0
1,0.0,2,0.0,0,31,1,0,45,218,266,0
1,0.0,2,0.0,0,76,0,0,58,1181,416,0
1,0.25,2,0.0,0,68,0,0,55,133,60,0
1,0.18181818181818182,2,0.0,0,51,0,1,141,88,339,0
1,0.0,2,0.0,0,87,0,0,166,273,262,0
1,0.0,2,0.0,0,81,0,0,134,148,245,0
1,0.0,2,0.0,0,63,0,0,40,59,325,0
1,0.0,2,0.0,0,99,0,1,79,1531,333,0
1,0.0,2,0.0,0,91,0,0,8,731,330,0
1,0.0,2,0.0,0,49,1,1,131,550,127,0
1,0.0,2,0.0,0,78,0,0,68,793,203,0
1,0.0,2,0.0,0,53,0,1,175,224,258,0
1,0.25,2,0.0,0,68,0,1,201,786,195,0
1,0.0,2,0.0,0,92,0,0,14,151,384,0
1,0.0,2,0.0,0,70,1,1,100,1277,132,0
1,0.0,2,0.0,0,37,1,0,97,197,349,0
1,0.0,2,0.0,0,93,1,1,68,1632,170,0
1,0.0,2,0.0,0,97,0,1,133,2133,401,0
1,0.0,2,0.0,0,70,1,0,117,100,251,0
1,0.3333333333333333,2,0.0,0,82,0,0,116,363,331,0
1,0.2222222222222222,2,0.0,0,82,1,1,48,281,510,0
1,0.0,2,0.0,0,66,0,0,70,338,338,0
1,0.0,2,0.0,0,68,0,1,119,203,267,0
1,0.2222222222222222,2,0.0,0,71,0,1,72,223,203,0
1,0.0,2,0.0,0,56,1,0,73,796,208,0
1,0.2857142857142857,2,0.0,0,77,1,0,101,418,314,0
1,0.0,2,0.0,0,58,0,1,46,441,190,0
1,0.2857142857142857,2,0.0,0,76,1,1,51,428,75,0
1,0.0,2,0.0,0,45,1,0,131,1675,429,0
1,0.0,2,0.0,0,54,1,1,134,509,262,0
1,0.18181818181818182,2,0.0,0,91,0,0,75,124,533,0
1,0.25,2,0.0,0,54,0,0,112,137,210,0
1,0.0,2,0.0,0,91,1,1,131,331,293,0
1,0.2,2,0.0,0,88,0,0,85,510,167,0
1,0.0,2,0.0,0,87,0,0,124,325,411,0
1,0.2857142857142857,2,0.0,0,69,1,1,96,178,254,0
1,0.0,2,0.0,0,89,0,0,106,480,133,0
1,0.0,2,0.0,0,93,0,0,67,90,367,0
1,0.0,2,0.0,0,86,1,1,259,355,332,0
1,0.0,2,0.0,0,78,1,0,95,246,384,0
1,0.0,2,0.0,0,82,1,0,143,330,360,0
1,0.0,2,0.0,0,79,1,1,89,7,255,0
1,0.0,2,0.0,0,44,1,1,149,798,410,0
1,0.0,2,0.0,0,61,0,1,194,448,299,0
1,0.25,2,0.0,0,64,0,0,70,36,231,0
1,0.0,2,0.0,0,44,1,0,112,342,204,0
1,0.0,2,0.0,0,77,0,1,57,649,377,0
1,0.0,2,0.0,0,89,1,1,58,90,134,0
1,0.0,2,0.0,0,60,1,0,115,1030,328,0
1,0.0,2,0.0,0,50,0,0,203,1190,154,0
1,0.25,2,0.0,0,83,1,1,24,692,289,0
1,0.0,2,0.0,0,85,1,0,109,618,407,0
1,0.0,2,0.0,0,43,0,0,234,246,245,0
1,0.0,2,0.0,0,95,0,0,116,57,345,0
1,0.25,2,0.0,0,35,1,0,62,109,262,0
1,0.0,2,0.0,0,48,0,0,93,47,248,0
1,0.15384615384615385,2,0.0,0,90,0,0,72,59,309,0
1,0.0,2,0.0,0,77,0,0,99,278,236,0
1,0.2222222222222222,2,0.0,0,78,0,1,45,806,403,0
1,0.0,2,0.0,0,51,0,0,35,1708,440,0
1,0.2222222222222222,2,0.0,0,63,1,1,143,1359,303,0
1,0.0,2,0.0,0,98,0,0,140,104,118,0
1,0.0,2,0.0,0,96,0,0,0,3,448,0
1,0.0,2,0.0,0,52,0,1,67,206,326,0
1,0.0,2,0.0,0,45,1,0,140,23,195,0
1,0.18181818181818182,2,0.0,0,91,1,0,114,357,461,0
1,0.0,2,0.0,0,76,1,0,34,215,255,0
1,0.2857142857142857,2,0.0,0,43,1,1,130,152,440,0
1,0.25,2,0.0,0,70,1,0,118,734,218,0
1,0.0,2,0.0,0,65,0,0,110,63,251,0
1,0.0,2,0.0,0,89,0,1,80,607,253,0
1,0.0,2,0.0,0,67,1,1,69,439,324,0
1,0.0,2,0.0,0,89,1,0,62,115,252,0
1,0.0,2,0.0,1,98,0,1,59,71,297,0
1,0.0,2,0.0,0,72,0,1,76,107,386,0
1,0.0,2,0.0,0,88,0,0,112,490,31,0
1,0.0,2,0.0,0,87,1,1,132,705,265,0
1,0.2857142857142857,2,0.0,0,26,0,0,4,1396,534,0
1,0.0,2,0.0,0,93,0,1,115,394,414,0
1,0.0,2,0.0,0,84,1,0,113,2312,141,0
1,0.0,2,0.0,0,37,1,1,101,1738,307,0
1,0.0,2,0.0,0,98,0,1,37,1,439,0
1,0.0,2,0.0,0,68,1,1,103,320,402,0
1,0.0,2,0.0,0,64,0,1,127,393,419,0
1,0.0,2,0.0,0,96,1,1,176,38,370,0
1,0.2857142857142857,2,0.0,0,21,0,0,180,212,286,0
1,0.0,2,0.0,0,95,0,1,25,353,258,0
1,0.0,2,0.0,0,98,0,1,79,549,178,0
1,0.0,2,0.0,0,88,0,1,50,428,378,0
1,0.0,2,0.0,0,88,0,0,112,93,469,0
1,0.3333333333333333,3,0.0,0,95,0,0,3,493,258,0
1,0.0,2,0.0,0,42,0,0,110,976,169,0
1,0.0,2,0.0,0,60,0,0,216,1150,324,0
1,0.0,2,0.0,0,81,1,1,123,729,207,0
1,0.25,2,0.0,0,92,0,1,47,339,267,0
1,0.0,2,0.0,0,60,1,0,51,237,255,0
1,0.0,2,0.0,0,96,0,1,4,935,326,0
1,0.2857142857142857,2,0.0,0,72,0,0,111,780,292,0
1,0.0,2,0.0,0,46,1,0,133,294,374,0
1,0.2,2,0.0,0,58,1,1,0,226,258,0
1,0.2857142857142857,2,0.0,0,59,0,1,124,552,204,0
1,0.0,2,0.0,0,98,1,1,121,14,452,0
1,0.0,2,0.0,0,77,1,0,0,164,234,0
1,0.2222222222222222,2,0.0,0,96,0,0,123,625,322,0
1,0.0,3,0.0,0,66,1,1,174,15,334,0
1,0.0,2,0.0,0,92,0,1,109,20,309,0
1,0.0,2,0.0,0,71,1,1,172,278,330,0
1,0.0,2,0.0,0,82,0,0,159,87,287,0
1,0.25,2,0.0,0,65,0,1,70,83,186,0
1,0.0,2,0.0,0,79,1,1,162,874,382,0
1,0.0,2,0.0,0,43,0,0,124,73,476,0
1,0.0,2,0.0,0,28,1,1,63,747,423,0
1,0.0,2,0.0,0,94,1,1,98,129,241,0
1,0.0,2,0.0,0,22,0,1,69,192,248,0
1,0.0,2,0.0,0,85,1,0,68,88,245,0
1,0.0,2,0.0,0,74,1,0,48,35,218,0
1,0.0,2,0.0,0,87,0,0,40,866,323,0
1,0.0,2,0.0,0,95,1,0,77,169,251,0
1,0.25,2,0.0,0,61,0,1,61,46,424,0
1,0.0,2,0.0,0,86,0,0,66,1520,202,0
1,0.3333333333333333,2,0.0,0,91,0,1,69,333,399,0
1,0.2222222222222222,2,0.0,0,93,0,1,161,757,387,0
1,0.3333333333333333,2,0.0,0,93,1,0,57,200,313,0
1,0.0,2,0.0,0,95,1,0,103,369,258,0
1,0.0,2,0.0,0,97,1,1,37,354,431,0
1,0.0,2,0.0,0,67,1,1,59,497,401,0
1,0.0,2,0.0,0,65,0,1,59,16,257,0
1,0.0,2,0.0,0,83,0,1,203,53,287,0
1,0.0,2,0.0,0,72,0,1,144,470,186,0
1,0.0,2,0.0,0,97,0,1,99,601,230,0
1,0.25,2,0.0,0,50,0,1,111,433,258,0
1,0.0,2,0.0,0,68,1,1,79,365,221,0
1,0.2222222222222222,2,0.0,0,69,1,1,113,614,281,0
1,0.0,2,0.0,0,56,0,1,244,1454,539,0
1,0.0,3,0.0,0,64,0,1,97,402,241,0
1,0.2857142857142857,2,0.0,0,94,1,1,95,91,285,0
1,0.2857142857142857,2,0.0,0,79,0,0,4,7,250,0
1,0.0,2,0.0,0,24,1,0,160,178,463,0
1,0.0,2,0.0,0,83,0,0,59,78,320,0
1,0.0,2,0.0,0,82,0,0,154,33,304,0
1,0.0,2,0.0,0,76,1,0,87,441,236,0
1,0.0,2,0.0,0,71,0,1,70,58,392,0
1,0.0,2,0.0,0,48,0,0,45,629,392,0
1,0.15384615384615385,2,0.0,0,83,1,1,135,252,170,0
1,0.0,2,0.0,0,49,1,0,180,1527,308,0
1,0.0,2,0.0,0,38,1,0,196,1511,344,0
1,0.0,2,0.0,0,87,1,0,143,348,383,0
1,0.0,2,0.0,0,89,0,1,79,182,434,0
1,0.3333333333333333,2,0.0,0,90,1,1,112,15,276,0
1,0.0,2,0.0,0,84,1,1,135,725,406,0
1,0.0,2,0.0,0,92,0,0,154,778,431,0
1,0.0,2,0.0,0,79,1,1,34,277,314,0
1,0.0,2,0.0,0,74,0,1,161,364,259,0
1,0.0,2,0.0,0,93,1,0,124,718,250,0
1,0.25,2,0.0,0,77,1,1,68,37,270,0
1,0.0,2,0.0,0,63,0,1,111,914,417,0
1,0.25,2,0.0,0,81,1,0,97,388,253,0
1,0.0,2,0.0,0,90,1,1,80,361,310,0
1,0.0,2,0.0,0,92,0,1,102,406,273,0
1,0.0,2,0.0,0,72,0,0,12,336,144,0
1,0.2222222222222222,2,0.0,0,68,0,1,55,1614,520,0
1,0.0,2,0.0,0,45,1,1,156,416,320,0
1,0.0,2,0.0,0,90,1,0,66,1672,157,0
1,0.0,2,0.0,0,95,1,0,121,1787,299,0
1,0.0,2,0.0,0,78,0,1,136,135,175,0
1,0.0,2,0.0,0,56,1,1,157,41,476,0
1,0.0,2,0.0,0,99,0,0,7,315,119,0
1,0.25,2,0.0,0,86,1,1,117,269,268,0
1,0.2222222222222222,2,0.0,0,92,1,0,77,181,503,0
1,0.0,2,0.0,0,62,0,1,44,508,460,0
1,0.0,2,0.0,0,77,0,0,142,29,283,0
1,0.0,2,0.0,0,94,0,0,170,210,206,0
1,0.0,3,0.0,0,92,0,0,150,415,351,0
1,0.25,2,0.0,0,97,1,0,107,258,433,0
1,0.0,2,0.0,0,75,0,1,172,654,381,0
1,0.0,2,0.0,0,85,1,0,34,591,366,0
1,0.0,2,0.0,0,95,0,0,53,582,447,0
1,0.0,2,0.0,0,66,0,0,41,188,450,0
1,0.0,2,0.0,0,48,0,0,58,1473,205,0
1,0.0,2,0.0,0,60,0,0,107,135,237,0
1,0.0,2,0.0,0,41,1,0,130,226,49,0
1,0.0,2,0.0,0,83,1,1,109,166,383,0
1,0.0,2,0.0,0,75,1,0,102,627,287,0
1,0.3333333333333333,2,0.0,0,88,1,1,92,1659,307,0
1,0.0,2,0.0,0,87,0,1,152,266,252,0
1,0.0,2,0.0,0,53,1,0,75,2,376,0
1,0.0,2,0.0,0,60,1,1,159,141,266,0
1,0.25,2,0.0,0,82,0,0,117,817,172,0
1,0.0,2,0.0,0,57,0,1,146,1465,220,0
1,0.0,2,0.0,0,98,0,0,174,239,303,0
1,0.2,2,0.0,0,27,0,0,116,502,247,0
1,0.3333333333333333,2,0.0,0,84,0,1,135,412,279,0
1,0.3333333333333333,2,0.0,0,79,1,0,140,845,430,0
1,0.3333333333333333,2,0.0,0,76,0,1,124,13,353,0
1,0.0,2,0.0,0,76,0,0,98,187,354,0
1,0.3333333333333333,2,0.0,0,77,1,1,67,2038,302,0
1,0.0,2,0.0,0,30,0,0,126,876,307,0
1,0.0,2,0.0,0,89,1,1,163,1305,272,0
1,0.0,2,0.0,0,64,1,1,116,1116,270,0
1,0.0,2,0.0,0,62,0,1,151,450,141,0
1,0.0,2,0.0,0,71,0,0,205,479,428,0
1,0.0,2,0.0,0,82,0,1,154,276,341,0
1,0.25,2,0.0,0,76,0,1,26,1277,364,0
1,0.0,2,0.0,0,64,0,0,96,18,324,0
1,0.0,2,0.0,0,84,1,0,50,2464,269,0
1,0.3333333333333333,2,0.0,0,77,1,0,152,437,360,0
1,0.0,2,0.0,0,69,1,0,72,981,353,0
1,0.0,2,0.0,0,72,1,1,93,313,435,0
1,0.25,2,0.0,0,80,0,1,82,768,81,0
1,0.0,2,0.0,0,49,0,1,0,208,233,0
1,0.0,2,0.0,0,70,0,1,66,95,227,0
1,0.0,2,0.0,0,70,0,1,116,674,228,0
1,0.0,2,0.0,0,79,1,1,92,817,271,0
1,0.0,2,0.0,0,53,1,1,93,314,178,0
1,0.0,2,0.0,0,98,1,0,175,32,354,0
1,0.0,2,0.0,0,91,1,1,161,360,263,0
1,0.2,2,0.0,0,64,1,1,125,1601,318,0
1,0.0,2,0.0,0,91,1,1,117,49,374,0
1,0.0,2,0.0,0,86,1,0,153,37,368,0
1,0.0,2,0.0,0,65,0,0,133,352,283,0
1,0.0,2,0.0,0,87,1,1,203,273,92,0
1,0.0,2,0.0,0,83,1,0,104,91,258,0
1,0.0,2,0.0,0,83,0,0,246,55,169,0
1,0.0,2,0.0,0,55,0,1,121,85,176,0
1,0.0,2,0.0,0,98,1,0,123,184,377,0
1,0.0,2,0.0,0,72,0,0,86,559,250,0
1,0.0,2,0.0,0,94,1,0,91,92,273,0
1,0.0,2,0.0,0,78,1,1,36,823,371,0
1,0.0,2,0.0,0,52,1,1,108,44,437,0
1,0.25,2,0.0,0,41,1,0,145,127,355,0
1,0.25,2,0.0,0,86,1,1,23,928,291,0
1,0.0,2,0.0,0,83,1,0,50,628,308,0
1,0.0,2,0.0,0,70,0,1,67,19,150,0
1,0.0,2,0.0,0,80,0,0,84,1254,183,0
1,0.0,2,0.0,0,46,1,1,112,105,339,0
1,0.0,2,0.0,0,64,1,0,18,1006,218,0
1,0.4,2,0.0,0,99,0,0,174,496,241,0
1,0.0,2,0.0,0,34,0,1,207,277,437,0
1,0.2222222222222222,2,0.0,0,56,0,1,46,27,389,0
1,0.0,2,0.0,0,92,0,0,7,350,177,0
1,0.3333333333333333,2,0.0,0,83,0,0,114,1892,237,0
1,0.0,2,0.0,0,28,1,0,117,219,338,0
1,0.0,2,0.0,0,70,0,0,167,111,325,0
1,0.25,2,0.0,0,76,0,0,127,619,323,0
1,0.2222222222222222,2,0.0,0,53,0,0,38,246,319,0
1,0.0,2,0.0,0,90,1,0,94,137,327,0
1,0.0,2,0.0,0,65,0,0,132,70,0,0
1,0.0,2,0.0,0,91,1,1,49,138,109,0
1,0.0,2,0.0,0,67,1,0,88,916,270,0
1,0.0,2,0.0,0,93,0,0,130,679,242,0
1,0.0,2,0.0,0,58,1,1,132,617,289,0
1,0.2222222222222222,2,0.0,0,78,0,0,153,281,306,0
1,0.0,2,0.0,0,91,1,1,175,178,282,0
1,0.0,2,0.0,0,85,0,1,91,156,184,0
1,0.2857142857142857,2,0.0,0,95,1,1,66,364,239,0
1,0.0,2,0.0,0,65,1,0,31,241,337,0
1,0.25,2,0.0,0,86,1,0,98,180,461,0
1,0.3333333333333333,2,0.0,0,67,1,1,25,79,411,0
1,0.2857142857142857,2,0.0,0,83,1,0,99,271,166,0
1,0.2857142857142857,2,0.0,0,51,1,1,87,63,283,0
1,0.0,2,0.0,0,96,0,1,139,178,325,0
1,0.0,2,0.0,0,58,1,0,148,51,210,0
1,0.0,2,0.0,0,65,1,0,99,415,31,0
1,0.0,2,0.0,0,58,1,1,119,428,314,0
1,0.0,3,0.0,0,87,0,1,70,596,310,0
1,0.0,2,0.0,0,91,0,0,160,120,223,0
1,0.2857142857142857,2,0.0,0,73,0,1,178,313,250,0
1,0.0,2,0.0,0,91,1,1,75,224,551,0
1,0.3333333333333333,2,0.0,0,44,0,0,191,329,208,0
1,0.0,2,0.0,0,83,0,0,31,937,250,0
1,0.2857142857142857,2,0.0,0,90,1,0,90,252,236,0
1,0.0,2,0.0,0,81,0,0,95,18,292,0
1,0.0,2,0.0,0,82,0,0,156,935,217,0
1,0.0,2,0.0,0,81,1,1,33,1303,214,0
1,0.0,2,0.0,0,72,0,1,113,263,317,0
1,0.2222222222222222,2,0.0,0,27,0,1,186,126,368,0
1,0.0,2,0.0,0,81,0,1,82,356,429,0
1,0.0,2,0.0,0,69,1,0,82,249,223,0
1,0.0,2,0.0,0,77,0,1,143,153,415,0
1,0.0,3,0.0,0,60,1,1,171,161,206,0
1,0.0,2,0.0,0,85,0,0,81,33,203,0
1,0.0,2,0.0,0,93,0,1,0,539,373,0
1,0.0,2,0.0,0,74,1,1,65,375,293,0
1,0.0,2,0.0,0,82,1,1,42,342,251,0
1,0.0,2,0.0,0,65,0,1,141,1159,351,0
1,0.0,2,0.0,0,51,1,1,95,105,264,0
1,0.0,2,0.0,0,68,0,0,103,231,151,0
1,0.0,2,0.0,0,72,0,1,68,301,342,0
1,0.3333333333333333,2,0.0,0,83,0,1,99,126,289,0
1,0.0,2,0.0,0,37,1,1,132,294,452,0
1,0.0,2,0.0,0,49,1,1,142,1045,338,0
1,0.2222222222222222,2,0.0,0,82,0,1,60,796,333,0
1,0.0,2,0.0,0,81,0,0,101,539,438,0
1,0.2857142857142857,2,0.0,0,49,1,0,95,610,368,0
1,0.0,2,0.0,0,91,1,1,102,329,380,0
1,0.0,2,0.0,0,98,0,1,8,1662,342,0
1,0.3333333333333333,3,0.0,0,83,1,0,0,274,245,0
1,0.0,2,0.0,0,58,0,0,151,1436,322,0
1,0.0,2,0.0,0,94,0,1,89,628,156,0
1,0.0,2,0.0,0,23,1,1,106,477,302,0
1,0.0,2,0.0,0,97,0,1,0,444,257,0
1,0.2857142857142857,2,0.0,0,86,1,0,129,18,291,0
1,0.0,2,0.0,0,66,1,0,88,555,256,0
1,0.0,2,0.0,0,74,1,0,131,145,328,0
1,0.0,2,0.0,0,73,0,0,74,384,367,0
1,0.0,2,0.0,0,57,0,1,106,103,490,0
1,0.25,3,0.0,0,91,1,0,74,234,115,0
1,0.0,3,0.0,0,69,1,0,0,824,235,0
1,0.0,2,0.0,0,87,1,1,60,234,224,0
1,0.0,4,0.0,0,92,0,1,192,335,190,0
1,0.0,2,0.0,0,52,0,0,84,868,167,0
1,0.2857142857142857,2,0.0,0,40,0,0,120,481,355,0
1,0.0,2,0.0,0,96,1,1,15,43,318,0
1,0.0,2,0.0,0,78,0,0,7,148,248,0
1,0.0,2,0.0,0,56,0,0,92,530,192,0
1,0.0,2,0.0,0,95,0,0,68,2090,470,0
1,0.2857142857142857,2,0.0,0,85,0,0,106,1852,288,0
1,0.2222222222222222,2,0.0,0,44,0,0,54,189,412,0
1,0.25,2,0.0,0,64,1,1,23,360,414,0
1,0.0,2,0.0,0,99,0,0,58,907,395,0
1,0.2857142857142857,2,0.0,0,92,1,0,57,1548,205,0
1,0.0,2,0.0,0,68,0,1,73,657,368,0
1,0.0,2,0.0,0,88,1,1,55,217,300,0
1,0.2857142857142857,2,0.0,0,66,0,0,100,581,283,0
1,0.0,2,0.0,0,52,1,1,134,529,383,0
1,0.0,2,0.0,0,94,0,0,123,874,377,0
1,0.0,2,0.0,0,78,0,0,96,184,179,0
1,0.2222222222222222,2,0.0,0,72,1,1,158,1150,475,0
1,0.0,2,0.0,0,86,0,0,119,1900,294,0
1,0.0,2,0.0,0,78,0,1,250,71,250,0
1,0.25,2,0.0,0,31,0,1,0,1147,407,0
1,0.0,2,0.0,0,69,1,0,119,484,303,0
1,0.0,2,0.0,0,25,1,1,118,863,307,0
1,0.18181818181818182,2,0.0,0,75,0,1,137,403,482,0
1,0.0,2,0.0,0,39,0,1,181,135,265,0
1,0.0,2,0.0,0,53,1,1,119,1358,341,0
1,0.0,2,0.0,0,89,1,1,116,11,388,0
1,0.0,2,0.0,0,76,0,1,106,41,300,0
1,0.0,2,0.0,0,52,1,1,61,387,449,0
1,0.0,2,0.0,0,88,1,0,0,115,273,0
1,0.2,2,0.0,0,44,1,0,4,424,237,0
1,0.0,2,0.0,0,72,1,1,153,520,418,0
1,0.0,2,0.0,0,52,1,1,135,422,153,0
1,0.0,2,0.0,0,91,0,1,116,1723,304,0
1,0.0,2,0.0,1,52,1,0,117,612,443,0
1,0.0,2,0.0,0,36,0,0,61,462,276,0
1,0.0,2,0.0,0,63,1,0,63,467,314,0
1,0.0,2,0.0,0,67,0,0,88,389,261,0
1,0.0,2,0.0,0,98,0,1,0,688,332,0
1,0.2222222222222222,2,0.0,0,99,0,0,75,161,261,0
1,0.0,2,0.0,0,82,0,1,109,122,234,0
1,0.2,2,0.0,0,93,0,1,94,329,248,0
1,0.0,2,0.0,0,51,1,0,45,591,286,0
1,0.0,2,0.0,0,86,0,0,155,476,231,0
1,0.0,2,0.0,0,79,1,0,48,525,353,0
1,0.4,2,0.0,0,72,1,1,124,61,229,0
1,0.0,2,0.0,0,64,0,0,135,376,243,0
1,0.0,2,0.0,0,75,1,1,44,763,168,0
1,0.0,2,0.0,0,81,1,0,222,53,405,0
1,0.2222222222222222,2,0.0,0,81,0,0,74,496,165,0
1,0.0,2,0.0,0,50,0,1,84,175,459,0
1,0.0,2,0.0,0,49,1,0,142,18,299,0
1,0.0,2,0.0,0,87,0,1,186,878,338,0
1,0.0,2,0.0,0,75,1,0,85,424,321,0
1,0.0,2,0.0,0,40,1,0,56,145,315,0
1,0.0,2,0.0,0,58,0,0,154,242,333,0
1,0.0,2,0.0,0,77,1,1,82,2399,157,0
1,0.0,2,0.0,1,67,1,1,171,481,286,0
1,0.0,2,0.0,0,48,1,1,86,90,330,0
1,0.0,2,0.0,0,61,0,0,139,1752,246,0
1,0.0,2,0.0,0,47,0,1,78,62,101,0
1,0.0,2,0.0,0,82,1,0,115,33,499,0
1,0.0,2,0.0,0,92,0,0,90,322,349,0
1,0.0,2,0.0,0,93,0,1,137,518,375,0
1,0.0,2,0.0,0,97,0,1,50,578,404,0
1,0.25,2,0.0,0,61,1,1,187,567,201,0
1,0.0,2,0.0,0,82,0,0,117,1024,447,0
1,0.0,2,0.0,0,98,1,0,99,2299,247,0
1,0.0,2,0.0,0,34,1,0,156,53,426,0
1,0.0,2,0.0,0,99,1,0,167,516,366,0
1,0.0,2,0.0,0,64,0,1,110,158,331,0
1,0.0,2,0.0,0,93,0,1,127,657,216,0
1,0.0,2,0.0,0,41,1,1,116,711,311,0
1,0.0,2,0.0,0,84,1,0,57,132,314,0
1,0.0,2,0.0,0,75,0,1,127,1291,355,0
1,0.0,2,0.0,0,47,1,1,71,454,307,0
1,0.3333333333333333,2,0.0,0,97,0,0,167,540,320,0
1,0.0,2,0.0,0,77,0,0,54,502,342,0
1,0.0,2,0.0,0,75,0,0,162,307,409,0
1,0.0,2,0.0,0,70,1,1,41,1154,363,0
1,0.3333333333333333,2,0.0,0,97,0,1,106,119,327,0
1,0.2857142857142857,2,0.0,0,77,0,0,91,596,144,0
1,0.0,2,0.0,0,78,0,0,140,408,329,0
1,0.0,2,0.0,0,44,1,0,182,923,305,0
1,0.0,2,0.0,0,83,1,1,55,1451,341,0
1,0.0,2,0.0,0,79,1,0,100,161,165,0
1,0.0,2,0.0,0,78,0,1,111,1186,305,0
1,0.25,2,0.0,0,87,0,1,94,316,349,0
1,0.0,2,0.0,0,45,0,1,129,505,175,0
1,0.0,2,0.0,0,50,0,1,198,2980,288,0
1,0.0,2,0.0,0,27,0,0,148,15,267,0
1,0.0,2,0.0,0,67,0,0,152,138,169,0
1,0.2857142857142857,2,0.0,0,69,1,1,105,662,101,0
1,0.0,2,0.0,0,88,1,1,118,125,145,0
1,0.0,2,0.0,0,51,1,1,105,243,369,0
1,0.0,2,0.0,0,50,1,1,159,1131,202,0
1,0.0,2,0.0,0,50,1,1,101,200,188,0
1,0.0,2,0.0,0,77,1,0,115,184,199,0
1,0.0,3,0.0,0,65,0,0,162,163,389,0
1,0.0,2,0.0,0,98,1,1,70,656,250,0
1,0.0,2,0.0,0,55,1,0,143,651,288,0
1,0.2857142857142857,2,0.0,0,58,1,1,103,313,291,0
1,0.0,2,0.0,0,79,1,1,84,677,456,0
1,0.0,2,0.0,0,86,1,1,160,0,322,0
1,0.2857142857142857,2,0.0,0,67,1,0,83,165,432,0
1,0.2,2,0.0,0,83,1,0,90,261,261,0
1,0.0,2,0.0,0,58,1,1,117,693,413,0
1,0.15384615384615385,2,0.0,0,34,0,0,199,404,205,0
1,0.2857142857142857,2,0.0,0,71,1,0,113,338,332,0
1,0.0,2,0.0,0,73,1,0,172,1998,199,0
1,0.0,2,0.0,0,93,0,1,136,796,352,0
1,0.0,2,0.0,0,81,0,1,39,199,226,0
1,0.0,2,0.0,0,69,1,1,64,389,363,0
1,0.0,2,0.0,0,92,0,1,28,222,244,0
1,0.0,2,0.0,0,73,0,1,44,373,97,0
1,0.0,2,0.0,0,66,0,0,95,368,359,0
1,0.0,2,0.0,0,70,0,0,157,317,290,0
1,0.0,2,0.0,0,70,0,1,107,293,284,0
1,0.0,2,0.0,0,80,0,0,0,1009,272,0
1,0.2222222222222222,2,0.0,0,98,0,0,180,469,285,0
1,0.0,2,0.0,0,96,1,0,82,195,303,0
1,0.2857142857142857,2,0.0,0,49,1,0,69,2055,332,0
1,0.0,2,0.0,0,51,0,0,104,585,403,0
1,0.0,2,0.0,0,95,1,0,130,699,373,0
1,0.0,2,0.0,0,20,1,0,59,709,301,0
1,0.2857142857142857,2,0.0,0,55,0,1,109,581,262,0
1,0.2857142857142857,2,0.0,0,91,0,1,150,70,235,0
1,0.0,2,0.0,0,91,1,0,147,208,308,0
1,0.0,2,0.0,0,67,0,1,0,120,229,0
1,0.0,2,0.0,1,65,1,1,113,249,283,0
1,0.0,2,0.0,0,39,0,0,99,293,565,0
1,0.0,2,0.0,0,80,1,1,109,709,336,0
1,0.0,2,0.0,0,65,1,0,152,52,237,0
1,0.0,2,0.0,0,62,0,0,59,981,259,0
1,0.0,2,0.0,0,95,1,1,121,472,419,0
1,0.0,2,0.0,0,40,1,1,103,5,264,0
1,0.0,2,0.0,0,88,0,0,143,452,218,0
1,0.0,2,0.0,0,83,1,0,114,117,471,0
1,0.0,2,0.0,0,43,1,0,139,624,195,0
1,0.2222222222222222,2,0.0,0,36,1,1,113,839,462,0
1,0.0,2,0.0,0,87,0,0,87,908,339,0
1,0.0,2,0.0,0,51,0,1,54,104,133,0
1,0.16666666666666666,2,0.0,0,99,0,1,90,1427,279,0
1,0.2222222222222222,2,0.0,0,82,0,1,114,362,291,0
1,0.0,2,0.0,0,98,0,1,154,466,137,0
1,0.0,2,0.0,0,75,0,1,174,288,248,0
1,0.2857142857142857,2,0.0,0,70,0,1,154,353,526,0
1,0.0,3,0.0,0,65,1,1,143,263,327,0
1,0.0,2,0.0,0,46,0,1,93,70,311,0
1,0.0,2,0.0,0,79,1,0,163,466,190,0
1,0.3333333333333333,2,0.0,0,94,0,1,15,1112,223,0
1,0.0,2,0.0,0,64,1,1,20,1115,155,0
1,0.4,2,0.0,0,81,0,1,128,276,278,0
1,0.0,2,0.0,0,80,1,1,100,113,281,0
1,0.0,2,0.0,0,23,1,1,106,1165,245,0
1,0.0,2,0.0,0,85,0,0,20,1816,313,0
1,0.2857142857142857,2,0.0,0,73,0,0,106,617,422,0
1,0.2857142857142857,2,0.0,0,83,1,1,175,78,72,0
1,0.0,2,0.0,0,81,0,1,51,938,277,0
1,0.0,2,0.0,0,45,1,1,132,1355,278,0
1,0.0,3,0.0,0,61,0,0,193,123,165,0
1,0.2,2,0.0,0,39,1,1,109,224,303,0
1,0.0,2,0.0,0,63,0,1,139,72,369,0
1,0.0,2,0.0,0,60,0,1,53,253,339,0
1,0.0,2,0.0,0,48,0,1,77,13,279,0
1,0.0,2,0.0,0,70,1,1,0,206,291,0
1,0.0,2,0.0,0,79,0,0,10,1868,233,0
1,0.0,3,0.0,0,77,0,0,51,9,196,0
1,0.0,2,0.0,0,86,1,1,124,735,385,0
1,0.0,2,0.0,0,97,0,0,135,175,497,0
1,0.25,2,0.0,0,69,0,1,113,934,280,0
1,0.0,2,0.0,0,79,0,0,63,2539,372,0
1,0.0,2,0.0,0,78,1,1,173,1525,124,0
1,0.0,2,0.0,0,92,0,0,131,58,325,0
1,0.25,2,0.0,0,91,0,1,139,9,193,0
1,0.2222222222222222,2,0.0,0,68,1,1,119,863,296,0
1,0.2,2,0.0,0,67,0,1,121,2816,184,0
1,0.18181818181818182,2,0.0,0,78,0,0,60,34,453,0
1,0.0,2,0.0,0,77,0,0,133,955,138,0
1,0.0,2,0.0,0,37,1,0,27,306,280,0
1,0.0,2,0.0,0,63,1,1,69,148,338,0
1,0.2857142857142857,2,0.0,0,84,1,1,123,18,341,0
1,0.0,2,0.0,0,49,0,1,0,110,355,0
1,0.0,2,0.0,0,79,0,0,118,453,264,0
1,0.0,2,0.0,0,71,0,1,165,108,270,0
1,0.0,2,0.0,0,48,0,0,126,301,330,0
1,0.0,2,0.0,0,40,0,1,88,275,308,0
1,0.0,2,0.0,0,19,0,1,85,75,250,0
1,0.0,2,0.0,0,96,0,1,78,1511,346,0
1,0.0,2,0.0,0,66,1,1,80,623,443,0
1,0.0,2,0.0,0,75,0,1,149,213,322,0
1,0.0,2,0.0,0,75,1,1,112,60,281,0
1,0.2222222222222222,2,0.0,0,91,1,0,162,583,186,0
1,0.0,2,0.0,0,83,0,1,179,269,237,0
1,0.0,2,0.0,0,67,0,0,96,625,338,0
1,0.25,2,0.0,0,26,1,1,121,86,501,0
1,0.2857142857142857,2,0.0,0,54,1,0,154,482,469,0
1,0.0,2,0.0,0,67,1,0,57,44,317,0
1,0.0,2,0.0,0,77,0,1,44,194,325,0
1,0.0,2,0.0,0,84,0,1,140,254,185,0
1,0.0,2,0.0,0,42,1,0,112,64,183,0
1,0.0,3,0.0,0,73,0,0,31,326,288,0
1,0.0,2,0.0,0,61,1,1,0,786,334,0
1,0.0,2,0.0,0,66,0,1,109,1000,193,0
1,0.0,2,0.0,1,64,1,1,133,1209,388,0
1,0.0,2,0.0,0,77,1,1,114,68,140,0
1,0.0,2,0.0,0,85,0,1,95,604,365,0
1,0.0,2,0.0,0,87,1,0,31,1035,319,0
1,0.0,2,0.0,0,79,1,1,54,58,407,0
1,0.0,2,0.0,0,63,1,1,154,463,448,0
1,0.2857142857142857,2,0.0,0,75,0,1,106,383,291,0
1,0.0,2,0.0,0,87,0,0,118,124,368,0
1,0.0,2,0.0,0,66,1,0,83,87,422,0
1,0.0,2,0.0,0,70,1,0,115,102,359,0
1,0.2857142857142857,2,0.0,0,62,0,1,117,176,148,0
1,0.0,2,0.0,0,68,0,1,73,487,279,0
1,0.2222222222222222,2,0.0,0,47,0,0,175,138,363,0
1,0.0,2,0.0,0,89,1,1,109,1556,456,0
1,0.0,2,0.0,0,73,1,1,56,517,186,0
1,0.0,2,0.0,0,89,0,0,155,130,218,0
1,0.0,2,0.0,0,95,0,1,70,517,315,0
1,0.0,2,0.0,0,85,0,1,67,349,236,0
1,0.0,2,0.0,0,88,0,0,75,1147,317,0
1,0.0,2,0.0,0,67,0,1,120,1342,399,0
1,0.0,2,0.0,0,80,0,0,14,306,293,0
1,0.0,2,0.0,0,40,0,0,124,547,304,0
1,0.0,2,0.0,0,96,0,0,140,279,333,0
1,0.3333333333333333,2,0.0,0,61,0,1,161,1406,269,0
1,0.0,2,0.0,0,87,1,1,10,222,439,0
1,0.2222222222222222,2,0.0,0,59,0,0,121,1041,273,0
1,0.2857142857142857,2,0.0,0,98,1,1,111,459,322,0
1,0.0,2,0.0,0,87,1,1,173,274,505,0
1,0.0,2,0.0,0,93,0,0,47,131,288,0
1,0.25,2,0.0,0,64,0,1,140,1245,384,0
1,0.0,2,0.0,0,79,1,0,50,620,401,0
1,0.0,2,0.0,0,65,0,1,129,177,285,0
1,0.0,2,0.0,0,87,1,0,98,413,420,0
1,0.0,2,0.0,0,60,0,1,89,238,354,0
1,0.0,3,0.0,0,99,1,1,50,54,352,0
1,0.0,2,0.0,0,44,1,1,153,800,323,0
1,0.0,2,0.0,0,89,0,1,118,27,327,0
1,0.0,3,0.0,0,90,0,0,31,310,304,0
1,0.2857142857142857,2,0.0,0,70,0,0,77,241,147,0
1,0.0,3,0.0,0,45,1,0,0,1227,296,0
1,0.25,2,0.0,0,66,1,0,11,483,359,0
1,0.0,2,0.0,0,60,1,0,179,109,120,0
1,0.0,2,0.0,0,49,0,0,82,68,310,0
1,0.25,2,0.0,0,75,1,0,170,18,268,0
1,0.0,3,0.0,0,67,1,0,101,55,277,0
1,0.25,2,0.0,0,66,0,1,134,198,137,0
1,0.0,2,0.0,0,45,1,0,43,1046,256,0
1,0.0,2,0.0,0,98,1,0,52,1570,297,0
1,0.2,2,0.0,0,71,0,1,97,1629,248,0
1,0.2222222222222222,2,0.0,0,74,0,1,133,329,348,0
1,0.0,2,0.0,0,96,0,0,34,110,193,0
1,0.3333333333333333,2,0.0,0,88,1,0,94,44,351,0
1,0.0,2,0.0,0,70,1,1,190,111,78,0
1,0.18181818181818182,2,0.0,0,99,1,0,89,138,184,0
1,0.0,2,0.0,0,93,1,0,114,55,289,0
1,0.2222222222222222,2,0.0,0,75,1,1,82,217,520,0
1,0.2857142857142857,2,0.0,0,98,0,0,22,17,353,0
1,0.0,2,0.0,0,67,1,0,145,121,378,0
1,0.25,2,0.0,0,80,0,1,224,258,256,0
1,0.2222222222222222,2,0.0,0,76,0,0,112,235,402,0
1,0.0,2,0.0,0,62,0,0,27,221,247,0
1,0.2857142857142857,2,0.0,0,45,0,0,66,33,459,0
1,0.0,2,0.0,0,50,1,0,32,1206,468,0
1,0.2222222222222222,2,0.0,0,73,1,1,0,261,399,0
1,0.0,2,0.0,0,83,0,1,44,145,286,0
1,0.0,2,0.0,0,95,0,0,149,78,305,0
1,0.0,2,0.0,0,96,0,1,151,84,229,0
1,0.0,2,0.0,0,69,1,1,127,162,449,0
1,0.0,2,0.0,0,70,1,0,89,642,375,0
1,0.0,2,0.0,0,88,1,1,156,89,383,0
1,0.0,2,0.0,0,44,0,1,92,318,281,0
1,0.0,2,0.0,0,75,0,0,117,1357,276,0
1,0.0,2,0.0,0,70,0,1,157,349,238,0
1,0.0,2,0.0,0,66,0,1,147,757,201,0
1,0.0,2,0.0,0,69,0,0,36,147,209,0
1,0.0,2,0.0,0,86,0,1,163,531,396,0
1,0.0,2,0.0,0,89,0,1,64,210,398,0
1,0.0,2,0.0,0,51,0,1,189,106,386,0
1,0.15384615384615385,2,0.0,0,99,1,1,154,575,256,0
1,0.0,2,0.0,0,84,0,0,184,339,175,0
1,0.25,2,0.0,0,84,1,0,0,1769,418,0
1,0.0,2,0.0,0,96,1,1,226,178,125,0
1,0.0,2,0.0,0,73,1,1,115,1509,233,0
1,0.2222222222222222,2,0.0,0,79,0,0,92,46,160,0
1,0.0,2,0.0,0,98,1,1,164,707,207,0
1,0.0,2,0.0,0,94,1,1,50,514,445,0
1,0.2222222222222222,2,0.0,0,42,0,0,96,1101,245,0
1,0.0,2,0.0,0,81,1,0,112,705,122,0
1,0.0,2,0.0,0,29,1,0,79,957,336,0
1,0.0,2,0.0,0,48,1,0,174,180,388,0
1,0.0,2,0.0,0,61,0,0,95,260,247,0
1,0.0,2,0.0,0,78,0,0,87,4745,438,0
1,0.0,3,0.0,0,79,1,0,113,67,290,0
1,0.0,3,0.0,0,63,0,0,93,1720,257,0
1,0.0,2,0.0,0,35,0,1,55,129,291,0
1,0.0,2,0.0,0,29,1,0,74,24,423,0
1,0.2222222222222222,2,0.0,0,76,1,0,110,530,330,0
1,0.0,2,0.0,0,30,0,1,94,156,313,0
1,0.0,2,0.0,0,56,0,1,145,673,353,0
1,0.0,2,0.0,0,86,0,0,48,182,218,0
1,0.25,2,0.0,0,97,1,0,89,1160,263,0
1,0.0,2,0.0,0,24,0,0,34,17,355,0
1,0.2,2,0.0,0,71,1,1,42,74,253,0
1,0.0,2,0.0,0,95,0,0,165,6,253,0
1,0.0,2,0.0,0,70,0,0,99,703,352,0
1,0.2857142857142857,2,0.0,0,70,1,0,101,275,311,0
1,0.0,2,0.0,0,58,0,1,63,19,273,0
1,0.0,2,0.0,0,96,0,1,157,3,58,0
1,0.3333333333333333,2,0.0,0,70,1,1,47,27,427,0
1,0.0,2,0.0,0,79,1,1,86,1307,387,0
1,0.0,2,0.0,0,94,1,0,80,1019,407,0
1,0.0,2,0.0,0,92,0,1,0,262,191,0
1,0.2222222222222222,2,0.0,0,86,1,0,107,997,236,0
1,0.0,2,0.0,0,88,1,1,84,414,266,0
1,0.0,2,0.0,0,71,1,0,0,1484,403,0
1,0.2222222222222222,2,0.0,0,90,1,0,0,580,400,0
1,0.0,2,0.0,0,70,0,0,110,367,170,0
1,0.2857142857142857,2,0.0,0,98,1,0,104,62,228,0
1,0.25,2,0.0,0,46,0,0,50,0,397,0
1,0.0,2,0.0,0,65,0,0,108,184,389,0
1,0.25,2,0.0,0,72,0,1,121,1010,390,0
1,0.0,2,0.0,0,74,1,0,86,850,520,0
1,0.0,2,0.0,0,53,1,1,49,763,292,0
1,0.2857142857142857,2,0.0,0,78,1,0,208,259,280,0
1,0.0,2,0.0,0,87,0,0,109,617,377,0
1,0.0,2,0.0,0,41,0,1,194,216,352,0
1,0.2222222222222222,2,0.0,0,77,0,1,139,423,563,0
1,0.0,2,0.0,0,99,0,0,123,554,353,0
1,0.0,2,0.0,0,86,0,0,185,84,257,0
1,0.3333333333333333,2,0.0,0,91,0,0,49,942,210,0
1,0.2222222222222222,2,0.0,0,52,1,1,8,260,238,0
1,0.0,2,0.0,0,66,0,0,93,1008,306,0
1,0.0,2,0.0,0,56,1,0,0,88,215,0
1,0.0,2,0.0,0,76,0,1,197,249,297,0
1,0.0,2,0.0,0,72,1,0,97,1161,279,0
1,0.0,2,0.0,0,85,1,0,156,705,316,0
1,0.3333333333333333,2,0.0,0,39,0,0,155,505,212,0
1,0.0,2,0.0,0,82,1,1,94,386,438,0
1,0.2857142857142857,2,0.0,0,58,0,1,33,938,231,0
1,0.0,3,0.0,0,68,0,0,50,27,236,0
1,0.0,3,0.0,0,63,0,1,72,275,321,0
1,0.0,2,0.0,0,52,1,0,86,1101,437,0
1,0.25,2,0.0,0,83,1,1,60,143,396,0
1,0.2857142857142857,2,0.0,0,87,0,1,45,211,217,0
1,0.0,2,0.0,0,86,1,1,91,1263,254,0
1,0.0,2,0.0,0,87,1,0,114,389,267,0
1,0.0,2,0.0,0,45,0,1,93,371,144,0
1,0.0,2,0.0,0,31,0,0,189,117,305,0
1,0.0,2,0.0,0,86,1,0,13,222,359,0
1,0.3333333333333333,2,0.0,0,77,1,1,104,717,150,0
1,0.0,2,0.0,0,41,0,0,120,14,569,0
1,0.3333333333333333,2,0.0,0,95,1,1,75,116,369,0
1,0.0,2,0.0,0,53,1,0,87,124,232,0
1,0.0,2,0.0,0,72,1,0,179,964,209,0
1,0.0,2,0.0,0,86,0,1,162,683,346,0
1,0.0,2,0.0,0,74,0,0,170,390,437,0
1,0.0,2,0.0,0,45,1,1,56,205,340,0
1,0.0,2,0.0,0,85,0,1,88,126,334,0
1,0.0,2,0.0,0,38,0,1,59,1660,367,0
1,0.2222222222222222,2,0.0,0,75,1,0,90,304,237,0
1,0.0,2,0.0,0,27,1,0,78,930,396,0
1,0.0,2,0.0,0,62,1,1,36,225,95,0
1,0.0,2,0.0,0,46,0,1,96,173,434,0
1,0.0,2,0.0,0,78,1,1,65,313,331,0
1,0.2857142857142857,2,0.0,0,93,0,0,67,434,306,0
1,0.15384615384615385,2,0.0,1,44,0,0,67,739,327,0
1,0.2222222222222222,2,0.0,0,59,1,1,67,17,178,0
1,0.0,2,0.0,0,60,0,0,128,371,364,0
1,0.0,2,0.0,0,53,1,1,127,673,403,0
1,0.0,2,0.0,0,88,1,1,0,294,302,0
1,0.0,2,0.0,0,59,1,1,91,68,353,0
1,0.0,2,0.0,0,89,1,0,109,1086,311,0
1,0.0,2,0.0,0,43,1,1,22,576,163,0
1,0.0,2,0.0,0,40,0,0,67,39,296,0
1,0.0,2,0.0,0,60,1,0,34,221,293,0
1,0.0,2,0.0,0,72,0,1,76,1979,345,0
1,0.0,2,0.0,0,81,1,0,73,273,169,0
1,0.0,2,0.0,0,93,0,0,75,740,218,0
1,0.0,3,0.0,0,97,0,0,115,226,327,0
1,0.0,2,0.0,0,91,1,1,109,449,433,0
1,0.25,2,0.0,0,76,0,0,74,149,427,0
1,0.0,2,0.0,0,69,0,0,50,575,319,0
1,0.0,2,0.0,0,95,0,1,120,25,125,0
1,0.0,2,0.0,0,64,0,1,62,661,415,0
1,0.0,2,0.0,0,28,0,0,144,411,323,0
1,0.2222222222222222,2,0.0,0,82,1,1,46,157,300,0
1,0.0,2,0.0,0,33,1,0,42,1272,220,0
1,0.0,2,0.0,0,86,0,1,27,628,360,0
1,0.2857142857142857,2,0.0,0,48,1,1,147,1055,233,0
1,0.16666666666666666,2,0.0,0,84,1,1,25,384,283,0
1,0.3333333333333333,2,0.0,0,23,1,1,93,365,264,0
1,0.3333333333333333,2,0.0,0,77,0,1,52,274,242,0
1,0.0,2,0.0,0,57,0,0,21,534,316,0
1,0.2222222222222222,2,0.0,0,68,0,1,101,603,302,0
1,0.2857142857142857,2,0.0,0,58,1,1,155,580,350,0
1,0.0,2,0.0,0,67,0,0,101,725,309,0
1,0.0,2,0.0,0,81,0,0,104,1169,80,0
1,0.2222222222222222,2,0.0,0,92,0,1,128,42,337,0
1,0.0,2,0.0,1,87,1,1,122,21,339,0
1,0.3333333333333333,2,0.0,0,90,1,1,165,585,280,0
1,0.0,2,0.0,0,91,1,0,54,653,240,0
1,0.25,2,0.0,0,35,1,0,145,48,237,0
1,0.25,2,0.0,0,95,1,0,18,627,266,0
1,0.0,2,0.0,0,82,1,1,121,164,232,0
1,0.0,2,0.0,0,52,0,0,84,1688,182,0
1,0.3333333333333333,2,0.0,0,82,0,1,0,227,363,0
1,0.25,2,0.0,0,87,0,0,81,223,99,0
1,0.0,2,0.0,0,43,1,1,142,720,123,0
1,0.0,2,0.0,0,88,1,0,119,1192,162,0
1,0.25,2,0.0,0,92,0,0,237,1017,219,0
1,0.0,2,0.0,0,50,0,1,99,1092,321,0
1,0.0,2,0.0,0,36,1,1,40,353,309,0
1,0.0,2,0.0,0,58,1,1,132,171,100,0
1,0.0,2,0.0,0,65,0,1,142,82,358,0
1,0.0,2,0.0,0,97,1,1,49,727,363,0
1,0.0,2,0.0,0,81,0,1,114,162,396,0
1,0.0,2,0.0,0,61,0,1,169,727,241,0
1,0.0,2,0.0,0,71,0,1,114,315,88,0
1,0.0,2,0.0,0,25,0,0,147,23,339,0
1,0.0,2,0.0,0,77,1,0,150,491,177,0
1,0.0,2,0.0,0,74,0,1,81,61,145,0
1,0.2857142857142857,2,0.0,0,93,0,0,18,438,365,0
1,0.0,3,0.0,0,88,1,1,88,29,224,0
1,0.0,2,0.0,0,65,0,0,76,32,396,0
1,0.2,2,0.0,0,67,0,0,152,953,382,0
1,0.0,2,0.0,0,75,1,1,119,88,474,0
1,0.0,2,0.0,0,97,0,1,73,671,174,0
1,0.0,2,0.0,0,75,1,1,142,2312,249,0
1,0.2222222222222222,2,0.0,0,84,1,0,160,1002,284,0
1,0.0,2,0.0,0,69,0,1,156,308,425,0
1,0.0,2,0.0,0,65,0,1,71,117,353,0
1,0.0,2,0.0,0,80,0,1,0,409,397,0
1,0.0,2,0.0,0,91,0,1,55,235,142,0
1,0.0,2,0.0,0,66,0,1,121,431,68,0
1,0.25,2,0.0,0,91,1,0,103,259,251,0
1,0.0,2,0.0,0,65,0,1,0,19,280,0
1,0.0,2,0.0,0,69,0,1,158,337,119,0
1,0.25,2,0.0,0,51,1,1,115,3,413,0
1,0.0,2,0.0,0,70,1,0,138,639,380,0
1,0.0,2,0.0,0,64,0,1,228,15,368,0
0,0.3333333333333333,2,0.0,0,0,1,0,4,7,1617,1
0,0.3333333333333333,2,0.0,0,0,1,0,1,3,1052,1
0,0.3333333333333333,2,0.0,0,19,0,0,4,13,1026,1
0,0.3333333333333333,0,0.0,0,18,0,1,0,39,1030,1
0,0.3333333333333333,2,0.0,0,15,1,0,2,4,990,1
0,0.3333333333333333,2,0.0,0,17,0,0,0,0,1215,1
0,0.3333333333333333,2,0.0,0,14,0,0,8,10,723,1
0,0.3333333333333333,0,0.0,0,16,0,0,2,16,989,1
1,0.3333333333333333,2,0.0,0,14,1,0,2,3,1198,1
0,0.3333333333333333,2,0.0,0,0,0,0,8,12,884,1
0,0.3333333333333333,0,0.0,0,19,0,1,0,1,1326,1
0,0.3333333333333333,2,0.0,0,20,0,0,5,18,866,1
1,0.3333333333333333,2,0.0,0,0,0,0,4,20,903,1
0,0.3333333333333333,2,0.0,0,18,0,0,0,10,1015,1
0,0.3333333333333333,0,0.0,0,20,0,0,17,78,1206,1
1,0.3333333333333333,2,0.0,0,0,0,0,8,0,1115,1
1,0.3333333333333333,2,0.0,0,16,0,0,1,28,519,1
0,0.3333333333333333,0,0.0,0,18,1,0,3,2,446,1
0,0.3333333333333333,2,0.0,0,17,0,0,3,1,759,1
1,0.3333333333333333,2,0.0,0,16,0,0,0,30,835,1
0,0.3333333333333333,2,0.0,0,0,0,0,4,50,1231,1
0,0.3333333333333333,2,0.0,0,19,0,0,0,68,957,1
0,0.3333333333333333,2,0.0,0,0,0,1,1,26,922,1
0,0.3333333333333333,2,0.0,0,0,1,0,0,9,493,1
1,0.3333333333333333,0,0.0,0,0,0,0,5,20,1703,1
0,0.3333333333333333,2,0.0,0,0,0,0,5,24,885,1
0,0.3333333333333333,2,0.0,0,0,0,0,0,14,815,1
0,0.3333333333333333,4,0.0,0,17,0,0,10,10,1172,1
1,0.3333333333333333,2,0.0,0,0,0,0,7,2,786,1
0,0.3333333333333333,0,0.0,0,15,0,0,8,24,1122,1
0,0.3333333333333333,2,0.0,0,15,0,0,10,2,1039,1
0,0.3333333333333333,2,0.0,0,15,0,0,0,8,1504,1
1,0.3333333333333333,2,0.0,0,0,0,0,0,24,907,1
0,0.3333333333333333,2,0.0,0,20,0,0,5,3,881,1
0,0.3333333333333333,0,0.0,0,13,0,0,1,16,1377,1
0,0.3333333333333333,0,0.0,0,0,0,0,5,20,901,1
1,0.3333333333333333,2,0.0,0,14,0,0,1,0,1248,1
0,0.3333333333333333,0,0.0,0,0,1,0,1,15,148,1
0,0.3333333333333333,2,0.0,0,16,0,0,7,26,1365,1
0,0.3333333333333333,2,0.0,0,15,0,0,12,1,1242,1
0,0.3333333333333333,2,0.0,0,0,0,0,9,14,1271,1
1,0.3333333333333333,2,0.0,0,17,0,0,0,57,1061,1
0,0.3333333333333333,2,0.0,0,15,0,0,16,11,941,1
0,0.3333333333333333,2,0.0,0,0,0,0,3,48,730,1
0,0.3333333333333333,2,0.0,0,19,0,0,3,2,1427,1
0,0.3333333333333333,2,0.0,0,18,0,0,6,3,628,1
1,0.3333333333333333,0,0.0,0,13,0,1,1,4,725,1
0,0.3333333333333333,2,0.0,0,20,0,0,22,6,1296,1
0,0.3333333333333333,2,0.0,0,15,0,0,1,13,1142,1
0,0.3333333333333333,2,0.0,0,0,0,0,3,26,1266,1
1,0.3333333333333333,2,0.0,0,0,0,0,3,9,937,1
0,0.3333333333333333,2,0.0,0,18,0,0,14,12,709,1
0,0.3333333333333333,0,0.0,0,0,1,0,0,36,1143,1
1,0.3333333333333333,2,0.0,0,20,0,0,9,4,1372,1
0,0.3333333333333333,2,0.0,0,14,0,0,2,11,447,1
1,0.3333333333333333,2,0.0,0,15,0,0,11,0,1073,1
0,0.3333333333333333,2,0.0,0,0,1,0,6,18,765,1
0,0.3333333333333333,0,0.0,0,18,0,0,1,23,1054,1
1,0.3333333333333333,2,0.0,0,19,0,0,0,8,926,1
0,0.3333333333333333,0,0.0,0,14,0,0,3,1,1414,1
1,0.3333333333333333,2,0.0,0,0,0,0,4,9,983,1
0,0.3333333333333333,2,0.0,0,0,0,0,10,33,1063,1
0,0.3333333333333333,2,0.0,0,0,0,1,9,8,984,1
0,0.3333333333333333,0,0.0,0,20,0,0,8,16,958,1
0,0.3333333333333333,0,0.0,0,0,0,0,1,69,1434,1
1,0.3333333333333333,2,0.0,0,19,0,1,0,42,304,1
0,0.3333333333333333,0,0.0,0,16,0,0,0,26,559,1
1,0.3333333333333333,2,0.0,0,0,0,0,15,0,905,1
1,0.3333333333333333,2,0.0,0,0,0,0,0,1,750,1
0,0.3333333333333333,2,0.0,0,0,0,1,2,11,1073,1
0,0.3333333333333333,0,0.0,0,0,0,0,6,7,306,1
0,0.3333333333333333,2,0.0,0,20,1,0,13,1,1055,1
0,0.3333333333333333,2,0.0,0,20,0,0,5,10,627,1
0,0.3333333333333333,2,0.0,0,16,0,0,1,9,509,1
0,0.3333333333333333,2,0.0,0,15,0,0,1,8,1387,1
0,0.3333333333333333,2,0.0,0,16,0,0,3,0,1053,1
0,0.3333333333333333,2,0.0,0,0,0,0,2,20,1254,1
0,0.3333333333333333,0,0.0,0,14,0,0,3,2,640,1
0,0.3333333333333333,2,0.0,0,0,0,0,4,2,959,1
1,0.3333333333333333,2,0.0,0,17,0,0,1,5,1390,1
1,0.3333333333333333,3,0.0,0,18,0,0,20,4,1071,1
0,0.3333333333333333,2,0.0,0,0,0,0,1,23,913,1
0,0.3333333333333333,2,0.0,0,19,0,1,8,4,737,1
1,0.3333333333333333,2,0.0,0,20,0,0,1,7,623,1
0,0.3333333333333333,2,0.0,0,0,0,0,15,27,762,1
1,0.3333333333333333,2,0.0,0,0,0,0,1,44,1467,1
0,0.3333333333333333,2,0.0,0,0,0,0,4,73,1131,1
1,0.3333333333333333,2,0.0,0,0,0,0,3,44,1331,1
0,0.3333333333333333,2,0.0,0,0,0,0,1,44,1179,1
0,0.3333333333333333,0,0.0,0,0,0,0,6,18,1092,1
0,0.3333333333333333,2,0.0,0,18,0,0,0,5,713,1
1,0.3333333333333333,2,0.0,0,0,0,0,12,19,984,1
0,0.3333333333333333,2,0.0,0,0,0,0,0,0,756,1
0,0.3333333333333333,2,0.0,0,0,0,0,0,5,674,1
1,0.3333333333333333,2,0.0,0,0,0,0,2,15,676,1
1,0.3333333333333333,2,0.0,0,0,0,0,8,3,1268,1
1,0.3333333333333333,2,0.0,0,18,0,0,6,17,1165,1
0,0.3333333333333333,2,0.0,0,18,0,0,11,2,1102,1
0,0.3333333333333333,2,0.0,0,19,1,0,1,0,1058,1
1,0.3333333333333333,0,0.0,0,20,1,0,2,5,425,1
0,0.3333333333333333,2,0.0,0,13,0,0,12,23,1531,1
0,0.3333333333333333,2,0.0,0,19,0,0,0,29,942,1
1,0.3333333333333333,2,0.0,0,15,0,0,3,3,577,1
1,0.3333333333333333,0,0.0,0,0,0,0,3,0,776,1
0,0.3333333333333333,2,0.0,0,18,0,0,9,2,627,1
1,0.3333333333333333,2,0.0,0,0,0,0,0,24,1435,1
0,0.3333333333333333,2,0.0,0,0,1,0,2,5,915,1
0,0.3333333333333333,2,0.0,0,0,1,0,8,22,1212,1
1,0.3333333333333333,2,0.0,0,17,0,1,8,13,1041,1
0,0.3333333333333333,2,0.0,0,14,0,0,1,10,784,1
1,0.3333333333333333,2,0.0,0,0,0,1,9,84,949,1
0,0.3333333333333333,2,0.0,0,0,0,0,10,30,814,1
0,0.3333333333333333,2,0.0,0,17,1,0,11,10,1398,1
0,0.3333333333333333,2,0.0,0,16,0,0,8,89,1167,1
1,0.3333333333333333,2,0.0,0,0,0,1,12,85,840,1
0,0.3333333333333333,2,0.0,0,17,0,1,2,17,828,1
1,0.3333333333333333,2,0.0,0,0,1,0,2,27,1087,1
0,0.3333333333333333,2,0.0,0,20,0,0,11,11,589,1
0,0.3333333333333333,0,0.0,0,0,0,0,6,11,1346,1
0,0.3333333333333333,2,0.0,0,0,0,0,1,2,703,1
1,0.3333333333333333,0,0.0,0,0,0,0,4,19,1412,1
0,0.3333333333333333,2,0.0,0,20,0,0,0,45,1135,1
0,0.3333333333333333,0,0.0,0,14,0,0,4,38,1023,1
1,0.3333333333333333,0,0.0,0,0,0,0,1,10,1169,1
0,0.3333333333333333,2,0.0,0,18,0,0,9,17,1465,1
0,0.3333333333333333,2,0.0,0,0,0,0,7,8,992,1
0,0.3333333333333333,2,0.0,0,0,0,0,2,58,1020,1
1,0.3333333333333333,2,0.0,0,0,0,0,1,4,1110,1
0,0.3333333333333333,2,0.0,0,18,0,1,3,6,980,1
0,0.3333333333333333,2,0.0,0,19,1,0,1,6,308,1
0,0.3333333333333333,2,0.0,0,0,0,0,2,11,626,1
0,0.3333333333333333,0,0.0,0,0,0,0,0,46,895,1
1,0.3333333333333333,2,0.0,0,0,1,0,17,26,792,1
1,0.3333333333333333,2,0.0,0,13,0,0,0,27,889,1
1,0.3333333333333333,2,0.0,0,0,1,0,1,3,1058,1
0,0.3333333333333333,2,0.0,0,15,0,0,8,41,919,1
0,0.3333333333333333,2,0.0,0,0,0,0,5,33,485,1
1,0.3333333333333333,0,0.0,0,19,1,0,3,54,947,1
0,0.3333333333333333,0,0.0,0,16,1,0,10,17,1001,1
0,0.3333333333333333,2,0.0,0,19,1,1,4,2,548,1
0,0.3333333333333333,2,0.0,0,0,0,0,2,26,582,1
1,0.3333333333333333,2,0.0,0,0,0,0,12,9,1181,1
0,0.3333333333333333,0,0.0,0,20,0,0,0,6,602,1
1,0.3333333333333333,2,0.0,0,16,0,0,9,28,1301,1
0,0.3333333333333333,2,0.0,0,0,0,0,16,2,530,1
0,0.3333333333333333,0,0.0,0,0,0,0,2,0,938,1
0,0.3333333333333333,2,0.0,0,0,1,0,1,61,621,1
0,0.3333333333333333,2,0.0,0,19,0,0,6,31,1246,1
1,0.3333333333333333,2,0.0,0,0,0,0,3,22,1037,1
0,0.3333333333333333,0,0.0,0,0,0,0,5,29,1165,1
0,0.3333333333333333,2,0.0,0,0,0,0,0,19,1083,1
0,0.3333333333333333,2,0.0,0,0,1,1,10,9,1302,1
0,0.3333333333333333,2,0.0,0,17,1,0,2,0,1649,1
0,0.3333333333333333,0,0.0,0,15,0,0,3,27,692,1
0,0.3333333333333333,2,0.0,0,0,0,0,1,6,1317,1
0,0.3333333333333333,2,0.0,0,0,0,0,2,1,937,1
0,0.3333333333333333,2,0.0,0,19,1,0,6,7,979,1
1,0.3333333333333333,2,0.0,0,0,0,0,0,11,924,1
0,0.3333333333333333,2,0.0,0,0,0,0,13,4,953,1
0,0.3333333333333333,2,0.0,0,19,0,0,4,147,311,1
0,0.3333333333333333,2,0.0,0,20,0,0,14,46,412,1
1,0.3333333333333333,2,0.0,0,0,0,0,10,55,985,1
0,0.3333333333333333,2,0.0,0,0,0,0,2,3,486,1
0,0.3333333333333333,0,0.0,0,12,0,0,3,9,1063,1
0,0.3333333333333333,0,0.0,0,0,0,0,2,3,975,1
0,0.3333333333333333,2,0.0,0,0,0,0,1,28,1248,1
0,0.3333333333333333,2,0.0,0,16,0,0,9,47,422,1
0,0.3333333333333333,2,0.0,0,19,1,0,1,14,575,1
1,0.3333333333333333,3,0.0,0,19,0,0,0,41,761,1
0,0.3333333333333333,2,0.0,0,0,1,0,10,61,1273,1
1,0.3333333333333333,2,0.0,0,20,0,0,0,18,1262,1
1,0.3333333333333333,2,0.0,0,18,0,0,21,30,1204,1
0,0.3333333333333333,0,0.0,0,20,0,0,2,24,1283,1
1,0.3333333333333333,2,0.0,0,19,0,0,2,13,724,1
0,0.3333333333333333,2,0.0,0,15,1,0,2,1,1111,1
0,0.3333333333333333,2,0.0,0,0,1,0,3,2,1212,1
0,0.3333333333333333,2,0.0,0,0,0,0,17,16,656,1
1,0.3333333333333333,2,0.0,0,0,0,0,0,13,689,1
0,0.3333333333333333,2,0.0,0,18,0,0,2,25,643,1
0,0.3333333333333333,2,0.0,0,0,0,0,1,39,697,1
0,0.3333333333333333,2,0.0,0,14,0,0,20,19,1117,1
1,0.3333333333333333,0,0.0,0,0,0,0,0,60,883,1
0,0.3333333333333333,2,0.0,0,0,0,0,2,10,1194,1
0,0.3333333333333333,0,0.0,0,20,1,0,1,23,809,1
0,0.3333333333333333,2,0.0,0,9,0,0,1,14,831,1
0,0.3333333333333333,0,0.0,0,20,0,0,5,0,1089,1
0,0.3333333333333333,2,0.0,0,0,0,0,6,9,815,1
0,0.3333333333333333,2,0.0,0,19,0,1,21,35,1474,1
1,0.3333333333333333,2,0.0,0,0,1,0,4,0,734,1
0,0.3333333333333333,2,0.0,0,14,1,1,6,64,1073,1
0,0.3333333333333333,0,0.0,0,20,1,0,10,4,911,1
0,0.3333333333333333,0,0.0,0,0,0,0,9,19,879,1
0,0.3333333333333333,0,0.0,0,16,0,0,10,56,521,1
1,0.3333333333333333,4,0.0,0,0,0,0,1,52,1040,1
0,0.3333333333333333,2,0.0,0,0,0,0,0,18,700,1
1,0.3333333333333333,2,0.0,0,0,0,1,13,8,984,1
1,0.3333333333333333,3,0.0,0,20,0,0,9,23,572,1
1,0.3333333333333333,2,0.0,0,17,0,0,31,40,429,1
0,0.3333333333333333,0,0.0,0,0,0,0,6,24,718,1
0,0.3333333333333333,2,0.0,0,0,0,0,11,32,1118,1
1,0.3333333333333333,2,0.0,0,0,0,0,4,1,1011,1
0,0.3333333333333333,2,0.0,0,0,0,0,5,18,1245,1
1,0.3333333333333333,2,0.0,0,0,0,1,1,10,659,1
1,0.3333333333333333,2,0.0,0,0,1,0,3,22,1480,1
1,0.3333333333333333,2,0.0,0,0,0,0,1,35,737,1
0,0.3333333333333333,2,0.0,0,0,1,0,3,3,1235,1
0,0.3333333333333333,0,0.0,0,0,0,1,1,35,905,1
0,0.3333333333333333,0,0.0,0,15,0,0,1,13,1136,1
0,0.3333333333333333,2,0.0,0,19,0,0,3,14,845,1
1,0.3333333333333333,2,0.0,0,20,0,0,2,12,1159,1
0,0.3333333333333333,2,0.0,0,17,0,1,7,39,1214,1
0,0.3333333333333333,2,0.0,0,0,0,0,4,40,930,1
0,0.3333333333333333,2,0.0,0,0,0,1,7,19,795,1
1,0.3333333333333333,2,0.0,0,13,0,0,18,2,978,1
1,0.3333333333333333,2,0.0,0,20,0,0,4,21,733,1
1,0.3333333333333333,2,0.0,0,0,0,0,5,1,1129,1
0,0.3333333333333333,0,0.0,0,0,1,0,0,34,673,1
1,0.3333333333333333,2,0.0,0,16,0,0,0,40,1218,1
0,0.3333333333333333,0,0.0,0,17,0,0,1,5,1074,1
0,0.3333333333333333,2,0.0,0,17,0,1,9,4,827,1
0,0.3333333333333333,2,0.0,0,17,0,0,3,1,994,1
0,0.3333333333333333,2,0.0,0,17,0,0,1,3,976,1
0,0.3333333333333333,2,0.0,0,19,0,0,1,6,652,1
0,0.3333333333333333,2,0.0,0,0,0,0,4,28,535,1
0,0.3333333333333333,2,0.0,0,0,0,0,1,14,1097,1
0,0.3333333333333333,2,0.0,0,0,0,0,6,42,1115,1
0,0.3333333333333333,2,0.0,0,19,0,0,10,1,632,1
0,0.3333333333333333,2,0.0,0,0,1,1,2,0,1192,1
0,0.3333333333333333,2,0.0,0,0,0,1,1,7,719,1
0,0.3333333333333333,0,0.0,0,0,1,0,1,12,1046,1
0,0.3333333333333333,0,0.0,0,0,1,0,0,13,598,1
0,0.3333333333333333,2,0.0,0,16,0,0,1,5,1011,1
0,0.3333333333333333,2,0.0,0,0,0,0,15,58,1241,1
0,0.3333333333333333,2,0.0,0,19,0,1,4,8,762,1
0,0.3333333333333333,0,0.0,0,19,0,0,6,4,1001,1
0,0.3333333333333333,2,0.0,0,0,0,0,2,31,1245,1
0,0.3333333333333333,0,0.0,0,0,0,0,3,1,963,1
1,0.3333333333333333,2,0.0,0,0,0,0,1,4,831,1
1,0.3333333333333333,2,0.0,0,0,1,0,2,11,1316,1
0,0.3333333333333333,0,0.0,0,18,0,0,2,6,1281,1
0,0.3333333333333333,2,0.0,0,17,0,1,2,11,526,1
0,0.3333333333333333,2,0.0,0,13,1,0,2,1,1277,1
1,0.3333333333333333,2,0.0,0,14,0,0,9,23,1265,1
0,0.3333333333333333,2,0.0,0,17,0,0,4,104,1071,1
0,0.3333333333333333,2,0.0,0,19,0,0,4,28,914,1
1,0.3333333333333333,2,0.0,0,0,0,0,0,14,986,1
0,0.3333333333333333,2,0.0,0,0,0,0,4,65,682,1
0,0.3333333333333333,0,0.0,0,0,0,0,7,25,696,1
0,0.3333333333333333,2,0.0,0,0,0,0,2,0,564,1
0,0.3333333333333333,2,0.0,0,0,0,0,6,12,944,1
0,0.3333333333333333,2,0.0,0,19,1,0,5,4,717,1
0,0.3333333333333333,2,0.0,0,19,0,0,9,7,1768,1
1,0.3333333333333333,2,0.0,0,0,0,0,3,31,1030,1
0,0.3333333333333333,2,0.0,0,0,0,0,14,0,1626,1
0,0.3333333333333333,2,0.0,0,0,1,0,5,13,1057,1
1,0.3333333333333333,2,0.0,0,17,1,0,1,18,1254,1
1,0.3333333333333333,2,0.0,0,0,0,0,6,8,1014,1
1,0.3333333333333333,2,0.0,0,0,0,0,1,7,1024,1
0,0.3333333333333333,2,0.0,0,11,0,0,0,17,970,1
0,0.3333333333333333,2,0.0,0,0,0,1,9,13,1184,1
0,0.3333333333333333,2,0.0,0,18,0,0,0,0,1171,1
0,0.3333333333333333,2,0.0,0,0,0,0,8,12,608,1
0,0.3333333333333333,2,0.0,0,16,0,0,1,24,1017,1
1,0.3333333333333333,0,0.0,0,19,1,0,20,27,1147,1
1,0.3333333333333333,2,0.0,0,0,1,0,0,4,1551,1
1,0.3333333333333333,2,0.0,0,0,0,0,5,13,893,1
0,0.3333333333333333,0,0.0,0,0,0,1,5,25,1174,1
0,0.3333333333333333,2,0.0,0,0,1,0,1,11,914,1
1,0.3333333333333333,2,0.0,0,0,0,0,2,8,852,1
0,0.3333333333333333,2,0.0,0,20,0,0,3,26,1088,1
0,0.3333333333333333,0,0.0,0,0,0,0,17,26,1539,1
0,0.3333333333333333,2,0.0,0,20,0,0,2,0,1288,1
1,0.3333333333333333,0,0.0,0,14,0,0,1,5,647,1
1,0.3333333333333333,2,0.0,0,18,0,0,14,32,494,1
0,0.3333333333333333,0,0.0,0,0,0,0,8,28,569,1
1,0.3333333333333333,2,0.0,0,17,0,0,4,16,924,1
0,0.3333333333333333,0,0.0,0,0,0,0,2,15,1280,1
0,0.3333333333333333,2,0.0,0,16,0,0,1,17,939,1
1,0.3333333333333333,2,0.0,0,0,0,0,1,0,712,1
1,0.3333333333333333,2,0.0,0,0,0,0,2,6,497,1
0,0.3333333333333333,0,0.0,0,19,0,0,4,5,1151,1
0,0.3333333333333333,2,0.0,0,0,0,0,1,20,866,1
0,0.3333333333333333,2,0.0,0,0,0,0,1,54,1129,1
1,0.3333333333333333,0,0.0,0,0,0,0,6,38,1172,1
0,0.3333333333333333,2,0.0,0,0,0,0,4,29,958,1
0,0.3333333333333333,0,0.0,0,0,0,0,0,14,1334,1
1,0.3333333333333333,0,0.0,0,0,0,0,2,48,386,1
1,0.3333333333333333,2,0.0,0,0,0,1,7,18,1453,1
0,0.3333333333333333,3,0.0,0,14,0,0,1,72,1111,1
0,0.3333333333333333,2,0.0,0,0,0,0,5,22,1322,1
0,0.3333333333333333,2,0.0,0,17,1,0,1,3,745,1
0,0.3333333333333333,2,0.0,0,0,0,0,2,4,886,1
1,0.3333333333333333,2,0.0,0,19,1,0,6,52,1144,1
1,0.3333333333333333,2,0.0,0,20,0,1,12,21,1145,1
0,0.3333333333333333,2,0.0,0,0,0,0,2,13,1062,1
0,0.3333333333333333,0,0.0,0,0,0,0,4,1,1375,1
0,0.3333333333333333,3,0.0,0,15,1,0,7,0,1120,1
0,0.3333333333333333,2,0.0,0,0,0,0,3,10,1504,1
0,0.3333333333333333,2,0.0,0,19,0,1,7,1,535,1
0,0.3333333333333333,2,0.0,0,17,1,0,3,1,1077,1
0,0.3333333333333333,2,0.0,0,0,0,0,4,24,1373,1
0,0.3333333333333333,2,0.0,0,0,0,0,2,1,836,1
0,0.3333333333333333,2,0.0,0,20,0,0,1,82,1228,1
1,0.3333333333333333,2,0.0,0,0,0,0,6,15,778,1
0,0.3333333333333333,2,0.0,0,19,0,0,10,4,1511,1
0,0.3333333333333333,2,0.0,0,0,0,0,6,9,608,1
0,0.3333333333333333,2,0.0,0,0,0,0,7,48,861,1
1,0.3333333333333333,2,0.0,0,0,1,0,0,12,1461,1
0,0.3333333333333333,2,0.0,0,0,0,0,1,11,1046,1
0,0.3333333333333333,2,0.0,0,0,0,0,1,6,683,1
0,0.3333333333333333,2,0.0,0,20,0,0,1,3,817,1
0,0.3333333333333333,2,0.0,0,0,0,0,0,23,1456,1
0,0.3333333333333333,0,0.0,0,0,0,1,0,48,747,1
0,0.3333333333333333,2,0.0,0,0,0,0,3,5,498,1
0,0.3333333333333333,2,0.0,0,0,0,0,3,22,928,1
0,0.3333333333333333,2,0.0,0,0,0,0,3,40,1042,1
0,0.3333333333333333,2,0.0,0,0,1,0,3,26,1049,1
0,0.3333333333333333,0,0.0,0,0,0,0,6,31,558,1
0,0.3333333333333333,0,0.0,0,19,0,1,2,6,543,1
0,0.3333333333333333,2,0.0,0,0,0,0,2,4,1329,1
0,0.3333333333333333,2,0.0,0,0,0,0,9,7,1487,1
0,0.3333333333333333,2,0.0,0,19,0,0,0,31,1392,1
1,0.3333333333333333,2,0.0,0,0,0,0,0,14,255,1
0,0.3333333333333333,2,0.0,0,17,0,0,3,7,748,1
1,0.3333333333333333,0,0.0,0,0,0,0,7,6,871,1
0,0.3333333333333333,0,0.0,0,0,0,1,11,0,1085,1
1,0.3333333333333333,2,0.0,0,17,0,0,1,44,586,1
0,0.3333333333333333,2,0.0,0,0,0,0,1,5,963,1
1,0.3333333333333333,2,0.0,0,19,0,0,1,13,1254,1
0,0.3333333333333333,0,0.0,0,18,0,0,2,2,923,1
0,0.3333333333333333,2,0.0,0,0,1,0,6,0,784,1
0,0.3333333333333333,2,0.0,0,0,0,0,7,5,674,1
0,0.3333333333333333,2,0.0,0,0,0,1,11,20,1239,1
1,0.3333333333333333,2,0.0,0,18,1,0,0,1,918,1
0,0.3333333333333333,2,0.0,0,0,0,0,2,6,1187,1
0,0.3333333333333333,2,0.0,0,16,0,0,4,3,728,1
0,0.3333333333333333,2,0.0,0,0,0,1,0,40,1139,1
0,0.3333333333333333,2,0.0,0,0,0,0,0,0,707,1
1,0.3333333333333333,2,0.0,0,17,0,0,5,89,1042,1
0,0.3333333333333333,0,0.0,0,14,0,0,6,33,669,1
0,0.3333333333333333,0,0.0,0,0,0,0,23,0,1157,1
0,0.3333333333333333,0,0.0,0,17,1,1,0,13,1155,1
0,0.3333333333333333,2,0.0,0,14,0,0,8,7,1111,1
0,0.3333333333333333,2,0.0,0,0,0,0,8,4,1085,1
0,0.3333333333333333,2,0.0,0,0,0,0,1,1,1209,1
0,0.3333333333333333,2,0.0,0,0,1,1,4,15,492,1
0,0.3333333333333333,2,0.0,0,0,1,0,0,35,1115,1
0,0.3333333333333333,2,0.0,0,0,0,0,3,0,1086,1
0,0.3333333333333333,2,0.0,0,0,0,0,2,14,0,1
0,0.3333333333333333,2,0.0,0,0,0,0,0,19,811,1
0,0.3333333333333333,2,0.0,0,19,0,0,0,8,901,1
1,0.3333333333333333,2,0.0,0,20,0,0,2,37,1369,1
0,0.3333333333333333,2,0.0,0,15,0,0,11,25,901,1
0,0.3333333333333333,2,0.0,0,0,0,0,0,5,863,1
1,0.3333333333333333,2,0.0,0,0,0,0,10,13,1152,1
0,0.3333333333333333,3,0.0,0,15,1,0,14,4,1466,1
0,0.3333333333333333,2,0.0,0,0,0,0,8,16,822,1
0,0.3333333333333333,2,0.0,0,19,1,0,8,9,936,1
0,0.3333333333333333,2,0.0,0,13,0,0,4,54,888,1
0,0.3333333333333333,2,0.0,0,0,0,0,18,18,1122,1
0,0.3333333333333333,2,0.0,0,0,0,0,3,24,770,1
0,0.3333333333333333,2,0.0,0,0,0,1,17,13,1470,1
0,0.3333333333333333,2,0.0,0,0,0,0,2,5,1193,1
1,0.3333333333333333,2,0.0,0,0,0,0,3,12,945,1
1,0.3333333333333333,0,0.0,0,0,1,0,2,35,1003,1
1,0.3333333333333333,2,0.0,0,0,0,0,10,1,782,1
0,0.3333333333333333,0,0.0,0,16,0,0,10,31,1438,1
0,0.3333333333333333,2,0.0,0,18,1,1,5,5,847,1
0,0.3333333333333333,0,0.0,0,12,1,0,1,27,1027,1
0,0.3333333333333333,3,0.0,0,0,0,0,4,20,245,1
0,0.3333333333333333,2,0.0,0,0,0,0,3,65,979,1
0,0.3333333333333333,2,0.0,0,0,0,0,2,0,851,1
0,0.3333333333333333,0,0.0,0,0,0,0,2,7,807,1
0,0.3333333333333333,0,0.0,0,18,1,0,2,10,562,1
1,0.3333333333333333,2,0.0,0,0,0,0,2,58,1362,1
1,0.3333333333333333,0,0.0,0,0,0,1,2,15,1014,1
1,0.3333333333333333,2,0.0,0,17,1,0,0,0,1274,1
0,0.3333333333333333,2,0.0,0,0,0,0,2,25,681,1
0,0.3333333333333333,2,0.0,0,19,0,0,0,17,1113,1
0,0.3333333333333333,2,0.0,0,0,1,0,3,14,537,1
1,0.3333333333333333,0,0.0,0,0,1,0,0,17,1013,1
0,0.3333333333333333,3,0.0,0,0,0,0,0,7,503,1
0,0.3333333333333333,0,0.0,0,18,0,0,1,13,1572,1
0,0.3333333333333333,2,0.0,0,20,0,0,4,78,1248,1
1,0.3333333333333333,2,0.0,0,0,0,0,4,3,969,1
1,0.3333333333333333,2,0.0,0,0,1,0,7,28,791,1
0,0.3333333333333333,2,0.0,0,16,0,0,5,36,590,1
1,0.3333333333333333,2,0.0,0,0,0,1,1,3,1120,1
0,0.3333333333333333,2,0.0,0,0,0,1,1,1,841,1
0,0.3333333333333333,0,0.0,0,0,0,0,0,19,664,1
1,0.3333333333333333,2,0.0,0,18,0,0,7,4,1189,1
0,0.3333333333333333,2,0.0,0,13,1,0,9,6,415,1
0,0.3333333333333333,2,0.0,0,17,0,0,5,4,713,1
0,0.3333333333333333,0,0.0,0,15,0,0,1,10,1602,1
1,0.3333333333333333,2,0.0,0,20,0,0,0,8,1181,1
0,0.3333333333333333,2,0.0,0,0,0,0,0,9,955,1
0,0.3333333333333333,2,0.0,0,0,1,0,13,7,1282,1
1,0.3333333333333333,2,0.0,0,15,0,0,3,13,977,1
0,0.3333333333333333,2,0.0,0,0,0,0,5,39,923,1
0,0.3333333333333333,2,0.0,0,0,1,0,1,0,1140,1
1,0.3333333333333333,2,0.0,0,17,1,0,9,29,1390,1
0,0.3333333333333333,2,0.0,0,0,0,1,1,17,580,1
0,0.3333333333333333,2,0.0,0,20,0,0,1,3,1119,1
0,0.3333333333333333,2,0.0,0,17,0,0,0,6,631,1
0,0.3333333333333333,2,0.0,0,19,0,1,2,0,1559,1
0,0.3333333333333333,0,0.0,0,16,0,0,3,18,1099,1
0,0.3333333333333333,2,0.0,0,19,0,0,5,12,581,1
1,0.3333333333333333,2,0.0,0,0,0,0,5,12,1080,1
0,0.3333333333333333,2,0.0,0,17,0,0,7,4,868,1
0,0.3333333333333333,2,0.0,0,0,0,0,2,3,1237,1
0,0.3333333333333333,0,0.0,0,16,0,0,3,8,922,1
0,0.3333333333333333,0,0.0,0,0,0,0,27,7,496,1
1,0.3333333333333333,2,0.0,0,0,0,0,0,20,1318,1
0,0.3333333333333333,2,0.0,0,15,0,0,4,5,1028,1
0,0.3333333333333333,2,0.0,0,19,0,0,3,9,1744,1
0,0.3333333333333333,0,0.0,0,20,0,0,0,41,1103,1
1,0.3333333333333333,0,0.0,0,18,0,0,17,18,596,1
0,0.3333333333333333,2,0.0,0,0,0,1,4,40,1164,1
0,0.3333333333333333,2,0.0,0,0,0,1,7,18,1284,1
1,0.3333333333333333,0,0.0,0,0,1,0,9,1,1110,1
1,0.3333333333333333,2,0.0,0,15,0,0,6,36,1014,1
0,0.3333333333333333,2,0.0,0,0,1,1,2,25,1164,1
1,0.3333333333333333,2,0.0,0,0,0,0,6,34,573,1
1,0.3333333333333333,2,0.0,0,0,0,0,4,12,676,1
1,0.3333333333333333,2,0.0,0,0,1,0,4,5,948,1
0,0.3333333333333333,0,0.0,0,0,1,0,8,11,591,1
0,0.3333333333333333,0,0.0,0,18,1,0,2,3,1002,1
0,0.3333333333333333,0,0.0,0,17,0,0,22,20,667,1
0,0.3333333333333333,2,0.0,0,19,0,1,6,2,1406,1
0,0.3333333333333333,2,0.0,0,13,0,0,3,14,1323,1
0,0.3333333333333333,2,0.0,0,0,1,1,3,13,916,1
1,0.3333333333333333,2,0.0,0,20,0,0,5,9,763,1
0,0.3333333333333333,2,0.0,0,0,0,0,9,0,1600,1
0,0.3333333333333333,2,0.0,0,0,0,0,7,9,1032,1
0,0.3333333333333333,2,0.0,0,18,1,0,3,34,746,1
0,0.3333333333333333,2,0.0,0,12,0,0,9,3,1303,1
0,0.3333333333333333,2,0.0,0,0,0,0,9,10,1014,1
0,0.3333333333333333,2,0.0,0,0,0,0,7,4,777,1
0,0.3333333333333333,2,0.0,0,0,1,0,5,15,516,1
0,0.3333333333333333,2,0.0,0,12,0,0,1,4,891,1
0,0.3333333333333333,0,0.0,0,17,0,0,1,0,978,1
0,0.3333333333333333,0,0.0,0,17,0,0,6,16,1141,1
1,0.3333333333333333,2,0.0,0,0,1,0,3,31,967,1
1,0.3333333333333333,2,0.0,0,17,1,1,7,10,1341,1
0,0.3333333333333333,2,0.0,0,14,0,0,2,21,610,1
0,0.3333333333333333,2,0.0,0,18,0,0,3,71,1064,1
1,0.3333333333333333,0,0.0,0,0,0,0,0,75,943,1
1,0.3333333333333333,2,0.0,0,18,0,0,3,15,1185,1
0,0.3333333333333333,2,0.0,0,17,1,0,1,49,786,1
0,0.3333333333333333,2,0.0,0,0,0,0,3,10,817,1
0,0.3333333333333333,2,0.0,0,16,0,0,0,49,1204,1
0,0.3333333333333333,2,0.0,0,0,0,0,1,25,1612,1
0,0.3333333333333333,0,0.0,0,0,0,0,4,6,724,1
0,0.3333333333333333,2,0.0,0,0,0,0,0,22,566,1
0,0.3333333333333333,2,0.0,0,0,0,0,3,3,870,1
0,0.3333333333333333,2,0.0,0,0,0,0,10,7,967,1
0,0.3333333333333333,2,0.0,0,0,0,0,4,10,1276,1
0,0.3333333333333333,2,0.0,0,17,0,0,0,24,471,1
0,0.3333333333333333,2,0.0,0,0,0,0,2,25,1213,1
0,0.3333333333333333,2,0.0,0,19,0,0,3,10,1034,1
1,0.3333333333333333,3,0.0,0,0,0,0,8,27,806,1
1,0.3333333333333333,2,0.0,0,17,0,1,4,81,1315,1
1,0.3333333333333333,0,0.0,0,15,0,0,8,28,41,1
0,0.3333333333333333,2,0.0,0,18,0,0,1,13,1332,1
0,0.3333333333333333,2,0.0,0,0,0,0,1,27,711,1
0,0.3333333333333333,0,0.0,0,20,0,0,2,1,1051,1
0,0.3333333333333333,0,0.0,0,16,0,0,22,79,831,1
1,0.3333333333333333,2,0.0,0,0,0,0,0,2,1543,1
0,0.3333333333333333,2,0.0,0,18,0,0,0,20,994,1
0,0.3333333333333333,2,0.0,0,0,0,0,0,5,1373,1
0,0.3333333333333333,2,0.0,0,0,0,0,13,48,856,1
1,0.3333333333333333,3,0.0,0,0,0,0,2,65,995,1
0,0.3333333333333333,2,0.0,0,9,0,0,2,12,1352,1
0,0.3333333333333333,2,0.0,0,0,0,1,0,23,1262,1
1,0.3333333333333333,2,0.0,0,0,0,1,8,38,1192,1
1,0.3333333333333333,2,0.0,0,0,1,0,13,34,899,1
1,0.3333333333333333,2,0.0,0,0,0,0,0,11,1477,1
0,0.3333333333333333,2,0.0,0,0,0,0,7,15,1009,1
0,0.3333333333333333,2,0.0,0,17,0,0,2,22,759,1
1,0.3333333333333333,2,0.0,0,10,0,0,23,2,1005,1
0,0.3333333333333333,2,0.0,0,13,1,1,5,49,909,1
0,0.3333333333333333,2,0.0,0,0,1,0,1,52,631,1
0,0.3333333333333333,0,0.0,0,0,0,0,0,24,1374,1
0,0.3333333333333333,2,0.0,0,0,0,0,7,20,1406,1
0,0.3333333333333333,2,0.0,0,0,0,0,7,42,990,1
0,0.3333333333333333,2,0.0,0,15,0,1,5,23,915,1
0,0.3333333333333333,2,0.0,0,16,1,0,0,39,1131,1
0,0.3333333333333333,2,0.0,0,20,0,0,6,7,1728,1
0,0.3333333333333333,3,0.0,0,0,0,0,1,13,998,1
0,0.3333333333333333,2,0.0,0,16,0,0,4,12,886,1
0,0.3333333333333333,2,0.0,0,17,0,1,4,24,1246,1
0,0.3333333333333333,2,0.0,0,9,0,1,1,11,1208,1
1,0.3333333333333333,2,0.0,0,17,1,0,3,5,1153,1
0,0.3333333333333333,2,0.0,0,0,0,0,4,26,1212,1
0,0.3333333333333333,2,0.0,0,19,0,0,15,4,1145,1
1,0.3333333333333333,2,0.0,0,0,0,0,2,41,1470,1
0,0.3333333333333333,2,0.0,0,0,1,0,1,0,1050,1
0,0.3333333333333333,2,0.0,0,18,0,0,9,1,1047,1
0,0.3333333333333333,2,0.0,0,0,0,1,6,23,1265,1
0,0.3333333333333333,2,0.0,0,20,0,0,0,7,372,1
0,0.3333333333333333,2,0.0,0,0,0,0,2,8,1274,1
0,0.3333333333333333,2,0.0,0,0,0,0,0,9,1175,1
0,0.3333333333333333,2,0.0,0,0,0,1,3,1,1217,1
0,0.3333333333333333,2,0.0,0,0,0,0,1,13,1158,1
1,0.3333333333333333,2,0.0,0,0,0,0,5,17,1098,1
1,0.3333333333333333,2,0.0,0,0,0,0,8,4,973,1
1,0.3333333333333333,2,0.0,0,14,1,1,19,14,946,1
1,0.3333333333333333,2,0.0,0,0,0,0,0,53,848,1
0,0.3333333333333333,0,0.0,0,20,0,0,7,24,758,1
1,0.3333333333333333,2,0.0,0,18,0,0,1,0,651,1
1,0.3333333333333333,2,0.0,0,19,0,1,5,9,427,1
1,0.3333333333333333,2,0.0,0,19,0,0,0,25,795,1
0,0.3333333333333333,2,0.0,0,15,1,0,2,1,1294,1
1,0.3333333333333333,0,0.0,0,19,0,0,3,6,1006,1
0,0.3333333333333333,2,0.0,0,0,0,0,0,54,1244,1
0,0.3333333333333333,2,0.0,0,20,1,0,1,9,587,1
1,0.3333333333333333,2,0.0,0,0,0,0,5,12,1527,1
0,0.3333333333333333,2,0.0,0,0,0,0,20,23,1297,1
0,0.3333333333333333,2,0.0,0,0,0,1,1,6,1775,1
0,0.3333333333333333,0,0.0,0,0,1,0,2,23,721,1
0,0.3333333333333333,0,0.0,0,18,0,0,7,56,1290,1
0,0.3333333333333333,2,0.0,0,0,1,0,0,23,920,1
1,0.3333333333333333,2,0.0,0,16,0,0,6,61,1048,1
0,0.3333333333333333,0,0.0,0,0,1,0,8,4,1164,1
0,0.3333333333333333,2,0.0,0,14,0,0,0,3,580,1
1,0.3333333333333333,3,0.0,0,15,0,0,1,6,827,1
0,0.3333333333333333,2,0.0,0,15,1,0,0,35,526,1
0,0.3333333333333333,2,0.0,0,0,0,0,3,59,1329,1
0,0.3333333333333333,2,0.0,0,0,0,0,1,9,708,1
0,0.3333333333333333,2,0.0,0,20,0,0,1,17,1258,1
0,0.3333333333333333,2,0.0,0,10,0,0,6,16,931,1
0,0.3333333333333333,2,0.0,0,16,0,0,0,11,1023,1
0,0.3333333333333333,2,0.0,0,0,0,0,1,4,1103,1
0,0.3333333333333333,2,0.0,0,17,0,1,7,7,947,1
0,0.3333333333333333,2,0.0,0,15,1,0,0,3,1156,1
0,0.3333333333333333,0,0.0,0,0,0,0,4,13,1146,1
0,0.3333333333333333,2,0.0,0,17,0,0,3,11,911,1
1,0.3333333333333333,2,0.0,0,18,0,1,3,42,567,1
1,0.3333333333333333,2,0.0,0,18,0,0,1,13,1458,1
0,0.3333333333333333,2,0.0,0,18,0,0,1,15,866,1
0,0.3333333333333333,2,0.0,0,0,0,0,3,15,996,1
0,0.3333333333333333,2,0.0,0,0,0,0,1,1,1418,1
1,0.3333333333333333,0,0.0,0,0,1,0,4,13,197,1
0,0.3333333333333333,0,0.0,0,17,0,0,1,13,742,1
0,0.3333333333333333,2,0.0,0,0,0,0,1,17,567,1
1,0.3333333333333333,0,0.0,0,17,1,0,6,2,1165,1
0,0.3333333333333333,2,0.0,0,18,0,1,0,42,684,1
0,0.3333333333333333,2,0.0,0,0,0,0,17,8,458,1
0,0.3333333333333333,2,0.0,0,0,0,0,0,37,952,1
0,0.3333333333333333,2,0.0,0,15,0,0,3,59,1570,1
0,0.3333333333333333,2,0.0,0,0,0,0,0,2,744,1
1,0.3333333333333333,2,0.0,0,0,0,0,14,51,987,1
0,0.3333333333333333,0,0.0,0,17,0,0,5,25,1375,1
1,0.3333333333333333,2,0.0,0,16,0,0,0,27,1002,1
1,0.3333333333333333,2,0.0,0,14,0,0,7,44,966,1
0,0.3333333333333333,2,0.0,0,15,0,0,1,9,862,1
0,0.3333333333333333,2,0.0,0,18,0,0,4,16,715,1
0,0.3333333333333333,0,0.0,0,0,0,0,9,13,637,1
0,0.3333333333333333,2,0.0,0,20,1,0,10,19,1221,1
1,0.3333333333333333,2,0.0,0,18,0,0,6,18,886,1
1,0.3333333333333333,2,0.0,0,0,1,1,3,27,908,1
0,0.3333333333333333,2,0.0,0,18,0,0,15,6,331,1
0,0.3333333333333333,2,0.0,0,11,0,1,0,7,1347,1
1,0.3333333333333333,2,0.0,0,17,1,0,1,0,1852,1
0,0.3333333333333333,2,0.0,0,14,1,0,16,5,1145,1
0,0.3333333333333333,0,0.0,0,0,0,0,0,3,970,1
1,0.3333333333333333,2,0.0,0,0,0,0,0,11,1205,1
0,0.3333333333333333,0,0.0,0,18,1,0,3,14,1153,1
0,0.3333333333333333,2,0.0,0,19,0,0,2,24,1005,1
0,0.3333333333333333,2,0.0,0,12,0,0,0,1,1506,1
1,0.3333333333333333,2,0.0,0,0,0,1,7,19,1412,1
0,0.3333333333333333,2,0.0,0,0,0,0,13,0,605,1
1,0.3333333333333333,2,0.0,0,17,1,0,1,2,1097,1
1,0.3333333333333333,2,0.0,0,0,0,0,0,17,1349,1
0,0.3333333333333333,2,0.0,0,17,0,1,8,10,638,1
0,0.3333333333333333,2,0.0,0,16,0,0,1,44,1270,1
0,0.3333333333333333,2,0.0,0,20,0,1,1,51,976,1
0,0.3333333333333333,2,0.0,0,0,0,0,4,29,937,1
0,0.3333333333333333,2,0.0,0,18,1,0,1,14,1036,1
0,0.3333333333333333,2,0.0,0,0,1,0,2,50,926,1
0,0.3333333333333333,2,0.0,0,18,1,0,10,64,1278,1
0,0.3333333333333333,2,0.0,0,0,0,0,8,0,793,1
0,0.3333333333333333,2,0.0,0,17,1,0,3,1,1144,1
0,0.3333333333333333,2,0.0,0,0,0,0,1,25,1282,1
0,0.3333333333333333,2,0.0,0,0,0,0,3,10,1154,1
0,0.3333333333333333,0,0.0,0,13,1,0,1,6,1542,1
1,0.3333333333333333,0,0.0,0,13,0,0,0,6,681,1
0,0.3333333333333333,0,0.0,0,0,0,0,0,77,894,1
0,0.3333333333333333,0,0.0,0,0,0,0,6,24,1083,1
0,0.3333333333333333,0,0.0,0,20,1,0,2,5,1281,1
0,0.3333333333333333,2,0.0,0,18,0,0,4,24,1031,1
0,0.3333333333333333,2,0.0,0,0,0,0,0,6,709,1
0,0.3333333333333333,2,0.0,0,0,0,0,14,15,557,1
1,0.3333333333333333,2,0.0,0,18,0,0,2,5,1478,1
1,0.3333333333333333,2,0.0,0,16,0,0,15,2,891,1
0,0.3333333333333333,2,0.0,0,0,0,0,4,14,1381,1
0,0.3333333333333333,2,0.0,0,0,1,0,0,9,1245,1
0,0.3333333333333333,2,0.0,0,0,1,0,22,16,1238,1
0,0.3333333333333333,0,0.0,0,18,0,0,3,0,355,1
0,0.3333333333333333,0,0.0,0,0,0,0,2,0,902,1
0,0.3333333333333333,2,0.0,0,17,1,0,0,20,736,1
0,0.3333333333333333,2,0.0,0,19,0,0,0,13,1198,1
0,0.3333333333333333,2,0.0,0,17,0,0,3,38,994,1
0,0.3333333333333333,2,0.0,0,14,0,0,1,22,820,1
0,0.3333333333333333,2,0.0,0,19,0,0,0,10,1548,1
1,0.3333333333333333,0,0.0,0,19,1,0,2,84,1163,1
1,0.3333333333333333,2,0.0,0,0,1,0,1,9,971,1
0,0.3333333333333333,2,0.0,0,15,0,0,2,25,1489,1
0,0.3333333333333333,2,0.0,0,16,0,0,3,4,1130,1
0,0.3333333333333333,2,0.0,0,0,0,0,4,16,851,1
0,0.3333333333333333,2,0.0,0,0,0,0,3,11,756,1
0,0.3333333333333333,2,0.0,0,18,0,0,1,9,526,1
1,0.3333333333333333,2,0.0,0,18,0,0,4,7,225,1
0,0.3333333333333333,0,0.0,0,0,0,1,3,8,1248,1
1,0.3333333333333333,2,0.0,0,0,0,0,1,25,1568,1
1,0.3333333333333333,0,0.0,0,0,0,0,0,45,1071,1
1,0.3333333333333333,2,0.0,0,0,0,0,6,1,1192,1
0,0.3333333333333333,2,0.0,0,0,0,1,2,31,1294,1
1,0.3333333333333333,2,0.0,0,16,0,1,9,19,1311,1
0,0.3333333333333333,2,0.0,0,17,0,0,2,21,407,1
0,0.3333333333333333,2,0.0,0,18,0,0,16,21,547,1
0,0.3333333333333333,2,0.0,0,18,1,0,9,11,1022,1
1,0.3333333333333333,2,0.0,0,0,0,0,6,57,1161,1
0,0.3333333333333333,2,0.0,0,0,1,0,1,8,1140,1
0,0.3333333333333333,2,0.0,0,0,0,0,15,7,1150,1
0,0.3333333333333333,2,0.0,0,14,0,0,8,17,1117,1
1,0.3333333333333333,2,0.0,0,0,0,0,4,22,928,1
0,0.3333333333333333,2,0.0,0,18,0,0,2,16,1056,1
1,0.3333333333333333,0,0.0,0,0,1,0,1,37,944,1
0,0.3333333333333333,0,0.0,0,0,0,0,0,34,719,1
0,0.3333333333333333,0,0.0,0,17,0,0,0,36,1012,1
1,0.3333333333333333,2,0.0,0,0,0,0,6,16,830,1
0,0.3333333333333333,2,0.0,0,20,0,0,4,26,1168,1
0,0.3333333333333333,2,0.0,0,0,0,0,11,62,545,1
0,0.3333333333333333,4,0.0,0,19,0,0,2,13,541,1
0,0.3333333333333333,2,0.0,0,0,0,0,0,10,449,1
0,0.3333333333333333,2,0.0,0,16,0,0,1,26,1059,1
0,0.3333333333333333,2,0.0,0,0,0,0,7,48,975,1
0,0.3333333333333333,2,0.0,0,20,1,0,3,4,798,1
1,0.3333333333333333,2,0.0,0,12,1,0,3,0,1677,1
0,0.3333333333333333,3,0.0,0,0,1,0,6,3,895,1
0,0.3333333333333333,2,0.0,0,17,0,0,5,5,1011,1
0,0.3333333333333333,2,0.0,0,20,0,0,13,7,1109,1
1,0.3333333333333333,2,0.0,0,17,0,0,7,34,1113,1
0,0.3333333333333333,2,0.0,0,20,1,0,1,7,730,1
0,0.3333333333333333,2,0.0,0,16,0,0,9,24,847,1
0,0.3333333333333333,2,0.0,0,0,0,0,4,20,1030,1
0,0.3333333333333333,2,0.0,0,17,0,0,0,72,790,1
1,0.3333333333333333,2,0.0,0,0,0,0,4,18,1149,1
0,0.3333333333333333,0,0.0,0,18,0,0,2,68,1610,1
0,0.3333333333333333,0,0.0,0,0,0,1,1,48,400,1
1,0.3333333333333333,2,0.0,0,0,0,0,10,57,1412,1
1,0.3333333333333333,2,0.0,0,0,0,0,0,1,611,1
1,0.3333333333333333,0,0.0,0,0,0,1,3,38,776,1
0,0.3333333333333333,0,0.0,0,0,0,0,1,16,957,1
1,0.3333333333333333,2,0.0,0,0,1,0,1,7,1258,1
0,0.3333333333333333,2,0.0,0,18,0,0,2,10,887,1
0,0.3333333333333333,2,0.0,0,0,1,0,3,16,735,1
0,0.3333333333333333,2,0.0,0,20,0,0,9,1,1174,1
1,0.3333333333333333,2,0.0,0,18,1,0,1,9,853,1
0,0.3333333333333333,2,0.0,0,18,0,0,3,41,541,1
0,0.3333333333333333,2,0.0,0,0,0,0,4,50,645,1
1,0.3333333333333333,2,0.0,0,0,0,0,5,24,1032,1
1,0.3333333333333333,2,0.0,0,20,0,0,2,9,1067,1
0,0.3333333333333333,2,0.0,0,0,1,0,3,7,1047,1
0,0.3333333333333333,2,0.0,0,19,0,0,10,230,506,1
0,0.3333333333333333,2,0.0,0,19,0,0,6,18,401,1
1,0.3333333333333333,2,0.0,0,16,0,0,10,9,950,1
0,0.3333333333333333,2,0.0,0,0,1,0,4,5,1136,1
1,0.3333333333333333,2,0.0,0,0,0,0,1,6,888,1
0,0.3333333333333333,2,0.0,0,19,0,0,2,9,481,1
0,0.3333333333333333,2,0.0,0,0,0,0,1,13,822,1
0,0.3333333333333333,2,0.0,0,14,1,0,21,5,705,1
0,0.3333333333333333,2,0.0,0,17,0,0,0,13,1737,1
0,0.3333333333333333,0,0.0,0,0,0,1,0,13,997,1
0,0.3333333333333333,0,0.0,0,14,0,0,8,4,741,1
0,0.3333333333333333,2,0.0,0,0,0,0,0,0,788,1
0,0.3333333333333333,2,0.0,0,20,0,1,0,19,717,1
0,0.3333333333333333,2,0.0,0,13,0,0,4,23,955,1
1,0.3333333333333333,2,0.0,0,0,1,0,3,10,313,1
0,0.3333333333333333,2,0.0,0,15,0,0,6,5,1233,1
1,0.3333333333333333,2,0.0,0,0,0,0,0,8,1091,1
0,0.3333333333333333,0,0.0,0,15,1,0,6,30,1449,1
0,0.3333333333333333,2,0.0,0,18,0,0,5,26,1445,1
0,0.3333333333333333,2,0.0,0,0,0,0,2,19,1091,1
1,0.3333333333333333,0,0.0,0,14,0,0,1,7,907,1
0,0.3333333333333333,2,0.0,0,19,0,0,4,4,793,1
0,0.3333333333333333,2,0.0,0,19,0,1,4,51,1039,1
0,0.3333333333333333,2,0.0,0,0,0,0,12,0,1021,1
0,0.3333333333333333,2,0.0,0,14,1,0,3,12,746,1
1,0.3333333333333333,0,0.0,0,0,0,1,1,14,1212,1
0,0.3333333333333333,0,0.0,0,0,1,0,1,5,688,1
0,0.3333333333333333,0,0.0,0,0,0,0,12,3,809,1
1,0.3333333333333333,2,0.0,0,0,0,0,6,21,657,1
0,0.3333333333333333,2,0.0,0,11,1,0,5,6,294,1
1,0.3333333333333333,2,0.0,0,17,0,0,0,8,1200,1
0,0.3333333333333333,2,0.0,0,20,0,0,3,23,1330,1
0,0.3333333333333333,2,0.0,0,0,0,0,1,14,1212,1
0,0.3333333333333333,2,0.0,0,14,0,1,0,16,1069,1
0,0.3333333333333333,2,0.0,0,19,0,0,3,16,897,1
0,0.3333333333333333,2,0.0,0,0,0,1,0,18,887,1
0,0.3333333333333333,2,0.0,0,0,0,0,19,40,1255,1
0,0.3333333333333333,0,0.0,0,18,0,0,5,12,749,1
1,0.3333333333333333,2,0.0,0,19,0,0,1,9,905,1
0,0.3333333333333333,0,0.0,0,19,0,0,13,15,825,1
0,0.3333333333333333,2,0.0,0,19,0,0,4,12,897,1
0,0.3333333333333333,2,0.0,0,19,0,0,4,33,1390,1
1,0.3333333333333333,2,0.0,0,17,1,0,5,1,662,1
1,0.3333333333333333,2,0.0,0,16,0,1,4,13,914,1
0,0.3333333333333333,2,0.0,0,0,0,0,12,27,896,1
0,0.3333333333333333,0,0.0,0,12,0,0,0,47,1203,1
1,0.3333333333333333,2,0.0,0,17,0,0,1,32,481,1
0,0.3333333333333333,2,0.0,0,0,1,0,3,10,921,1
0,0.3333333333333333,2,0.0,0,0,0,1,17,33,1384,1
1,0.3333333333333333,2,0.0,0,0,0,0,5,10,483,1
0,0.3333333333333333,2,0.0,0,0,0,0,3,52,1163,1
0,0.3333333333333333,2,0.0,0,19,0,0,1,16,972,1
0,0.3333333333333333,2,0.0,0,0,0,1,11,1,691,1
1,0.3333333333333333,2,0.0,0,18,0,0,5,5,924,1
0,0.3333333333333333,0,0.0,0,17,1,0,2,18,1032,1
0,0.3333333333333333,2,0.0,0,19,0,0,0,0,1596,1
1,0.3333333333333333,2,0.0,0,0,1,0,3,1,1029,1
0,0.3333333333333333,0,0.0,0,0,0,0,15,6,542,1
0,0.3333333333333333,2,0.0,0,15,0,0,1,2,990,1
0,0.3333333333333333,2,0.0,0,19,0,0,9,4,1583,1
1,0.3333333333333333,2,0.0,0,20,0,0,1,7,307,1
0,0.3333333333333333,3,0.0,0,14,0,0,5,14,1030,1
0,0.3333333333333333,2,0.0,0,17,0,0,7,27,1365,1
0,0.3333333333333333,0,0.0,0,13,0,0,0,20,1009,1
0,0.3333333333333333,0,0.0,0,17,0,0,2,23,1060,1
0,0.3333333333333333,0,0.0,0,0,0,0,1,16,1180,1
1,0.3333333333333333,2,0.0,0,0,0,0,7,10,579,1
0,0.3333333333333333,0,0.0,0,0,1,0,11,11,1679,1
0,0.3333333333333333,0,0.0,0,0,0,0,1,17,1286,1
0,0.3333333333333333,2,0.0,0,0,1,0,0,13,863,1
0,0.3333333333333333,2,0.0,0,0,0,0,0,100,833,1
1,0.3333333333333333,0,0.0,0,0,1,0,25,55,566,1
1,0.3333333333333333,2,0.0,0,0,1,0,1,83,1182,1
0,0.3333333333333333,2,0.0,0,19,0,0,0,6,1347,1
0,0.3333333333333333,2,0.0,0,19,0,0,3,1,758,1
1,0.3333333333333333,2,0.0,0,0,1,0,2,15,735,1
0,0.3333333333333333,2,0.0,0,0,0,0,2,11,521,1
0,0.3333333333333333,0,0.0,0,15,0,0,0,21,829,1
0,0.3333333333333333,2,0.0,0,0,0,0,1,4,793,1
0,0.3333333333333333,2,0.0,0,20,0,0,0,15,1442,1
0,0.3333333333333333,2,0.0,0,19,1,0,5,41,944,1
0,0.3333333333333333,0,0.0,0,20,0,0,2,16,736,1
0,0.3333333333333333,0,0.0,0,20,1,0,11,2,1396,1
0,0.3333333333333333,2,0.0,0,15,1,0,0,82,848,1
0,0.3333333333333333,2,0.0,0,0,0,0,5,51,924,1
1,0.3333333333333333,2,0.0,0,18,0,1,1,10,572,1
0,0.3333333333333333,2,0.0,0,0,0,0,2,10,1157,1
0,0.3333333333333333,2,0.0,0,0,0,0,4,1,761,1
0,0.3333333333333333,2,0.0,0,9,0,0,3,0,484,1
0,0.3333333333333333,3,0.0,0,0,0,0,1,9,1228,1
1,0.3333333333333333,2,0.0,0,18,0,1,9,18,1334,1
0,0.3333333333333333,0,0.0,0,0,1,0,8,4,522,1
0,0.3333333333333333,2,0.0,0,16,1,0,5,40,675,1
1,0.3333333333333333,2,0.0,0,14,0,0,0,2,860,1
0,0.3333333333333333,2,0.0,0,0,1,0,0,0,1529,1
1,0.3333333333333333,0,0.0,0,0,1,1,2,31,957,1
1,0.3333333333333333,2,0.0,0,16,0,0,11,22,687,1
0,0.3333333333333333,2,0.0,0,13,1,0,0,28,497,1
1,0.3333333333333333,2,0.0,0,19,0,1,14,10,1146,1
1,0.3333333333333333,2,0.0,0,0,0,1,8,39,1167,1
0,0.3333333333333333,2,0.0,0,0,0,0,4,6,1045,1
1,0.3333333333333333,2,0.0,0,0,0,0,9,12,842,1
0,0.3333333333333333,0,0.0,0,0,0,0,0,3,1561,1
1,0.3333333333333333,2,0.0,0,19,0,0,2,42,1027,1
1,0.3333333333333333,0,0.0,0,20,0,0,6,11,1282,1
0,0.3333333333333333,2,0.0,0,20,0,0,18,20,570,1
0,0.3333333333333333,2,0.0,0,17,1,0,1,80,1032,1
0,0.3333333333333333,2,0.0,0,18,1,0,1,1,425,1
0,0.3333333333333333,0,0.0,0,0,1,0,2,5,883,1
0,0.3333333333333333,2,0.0,0,19,0,0,4,1,813,1
0,0.3333333333333333,2,0.0,0,12,0,0,4,10,953,1
1,0.3333333333333333,2,0.0,0,18,1,0,0,1,800,1
1,0.3333333333333333,2,0.0,0,18,0,0,2,5,371,1
0,0.3333333333333333,2,0.0,0,13,0,0,15,0,494,1
1,0.3333333333333333,3,0.0,0,0,0,0,6,9,949,1
0,0.3333333333333333,2,0.0,0,17,0,0,3,8,1054,1
0,0.3333333333333333,2,0.0,0,0,0,0,11,16,998,1
0,0.3333333333333333,2,0.0,0,0,0,0,3,52,1119,1
0,0.3333333333333333,2,0.0,0,0,0,0,20,1,792,1
0,0.3333333333333333,2,0.0,0,19,0,0,5,5,1422,1
1,0.3333333333333333,2,0.0,0,12,0,0,10,30,956,1
1,0.3333333333333333,2,0.0,0,0,0,0,1,11,1160,1
0,0.3333333333333333,0,0.0,0,0,0,0,9,7,1509,1
0,0.3333333333333333,2,0.0,0,0,0,0,5,28,1357,1
1,0.3333333333333333,2,0.0,0,0,0,0,0,3,1306,1
1,0.3333333333333333,3,0.0,0,0,0,0,5,24,1045,1
0,0.3333333333333333,2,0.0,0,0,1,0,0,28,829,1
0,0.3333333333333333,2,0.0,0,12,0,0,19,32,656,1
1,0.3333333333333333,0,0.0,0,0,1,0,5,0,823,1
0,0.3333333333333333,2,0.0,0,0,1,0,3,17,1256,1
1,0.3333333333333333,2,0.0,0,10,0,1,6,66,908,1
0,0.3333333333333333,0,0.0,0,15,0,0,3,7,1144,1
0,0.3333333333333333,2,0.0,0,0,0,0,14,18,983,1
0,0.3333333333333333,2,0.0,0,0,0,0,0,13,812,1
0,0.3333333333333333,2,0.0,0,0,0,0,1,27,1160,1
1,0.3333333333333333,2,0.0,0,15,0,0,7,15,659,1
0,0.3333333333333333,0,0.0,0,0,0,0,0,0,1258,1
0,0.3333333333333333,2,0.0,0,18,0,0,5,10,1113,1
0,0.3333333333333333,0,0.0,0,20,0,0,11,12,1412,1
0,0.3333333333333333,2,0.0,0,0,1,0,1,15,847,1
0,0.3333333333333333,0,0.0,0,14,0,0,0,0,682,1
0,0.3333333333333333,2,0.0,0,19,0,0,7,6,760,1
1,0.3333333333333333,2,0.0,0,0,1,0,1,35,1622,1
0,0.3333333333333333,2,0.0,0,19,0,0,4,6,1364,1
1,0.3333333333333333,2,0.0,0,0,0,0,8,37,674,1
0,0.3333333333333333,2,0.0,0,0,0,0,4,1,1230,1
1,0.3333333333333333,2,0.0,0,0,0,0,1,14,642,1
0,0.3333333333333333,2,0.0,0,0,0,0,2,42,1308,1
0,0.3333333333333333,0,0.0,0,20,0,0,2,45,999,1
1,0.3333333333333333,2,0.0,0,14,0,1,3,16,669,1
0,0.3333333333333333,2,0.0,0,0,0,0,0,34,1043,1
0,0.3333333333333333,2,0.0,0,17,0,0,0,3,657,1
0,0.3333333333333333,2,0.0,0,0,1,0,0,34,784,1
0,0.3333333333333333,2,0.0,0,15,0,0,1,4,1028,1
0,0.3333333333333333,0,0.0,0,0,0,0,3,10,1082,1
0,0.3333333333333333,0,0.0,0,18,0,0,0,5,1221,1
0,0.3333333333333333,2,0.0,0,0,0,0,8,4,958,1
0,0.3333333333333333,2,0.0,0,0,0,0,1,11,1217,1
1,0.3333333333333333,2,0.0,0,13,0,0,0,98,980,1
1,0.3333333333333333,2,0.0,0,0,0,0,2,18,1032,1
1,0.3333333333333333,0,0.0,0,0,0,1,23,2,1163,1
0,0.3333333333333333,0,0.0,0,0,0,0,2,25,853,1
0,0.3333333333333333,2,0.0,0,16,0,0,1,4,835,1
0,0.3333333333333333,2,0.0,0,0,0,0,2,9,876,1
0,0.3333333333333333,2,0.0,0,20,0,0,15,17,948,1
1,0.3333333333333333,2,0.0,0,17,0,0,0,20,1477,1
1,0.3333333333333333,0,0.0,0,0,1,0,3,35,733,1
0,0.3333333333333333,2,0.0,0,14,0,0,1,9,737,1
0,0.3333333333333333,2,0.0,0,16,0,1,31,14,776,1
1,0.3333333333333333,0,0.0,0,0,0,1,5,20,840,1
0,0.3333333333333333,2,0.0,0,18,1,0,18,6,1241,1
1,0.3333333333333333,2,0.0,0,0,0,0,9,32,631,1
0,0.3333333333333333,2,0.0,0,0,0,0,5,21,791,1
0,0.3333333333333333,0,0.0,0,18,0,0,2,15,469,1
1,0.3333333333333333,2,0.0,0,17,0,0,0,1,1043,1
1,0.3333333333333333,0,0.0,0,0,0,0,8,5,851,1
1,0.3333333333333333,0,0.0,0,0,0,1,1,4,1061,1
0,0.3333333333333333,4,0.0,0,0,0,0,12,38,1177,1
1,0.3333333333333333,2,0.0,0,19,0,0,3,63,1457,1
0,0.3333333333333333,0,0.0,0,20,0,0,17,42,1285,1
0,0.3333333333333333,0,0.0,0,20,0,0,8,17,1390,1
1,0.3333333333333333,2,0.0,0,13,0,0,10,34,907,1
0,0.3333333333333333,2,0.0,0,0,0,0,0,26,945,1
1,0.3333333333333333,2,0.0,0,0,0,0,3,19,811,1
0,0.3333333333333333,2,0.0,0,0,0,0,4,19,929,1
0,0.3333333333333333,2,0.0,0,0,1,0,9,1,934,1
0,0.3333333333333333,2,0.0,0,0,1,0,4,3,1005,1
0,0.3333333333333333,2,0.0,0,16,0,0,20,0,1082,1
1,0.3333333333333333,2,0.0,0,17,0,1,2,19,1063,1
0,0.3333333333333333,0,0.0,0,15,0,0,1,28,1102,1
0,0.3333333333333333,0,0.0,0,16,0,0,2,3,1172,1
1,0.3333333333333333,2,0.0,0,0,0,0,3,10,875,1
0,0.3333333333333333,2,0.0,0,0,1,1,0,34,840,1
0,0.3333333333333333,2,0.0,0,0,1,0,1,24,1131,1
0,0.3333333333333333,2,0.0,0,14,0,0,2,71,755,1
0,0.3333333333333333,2,0.0,0,0,0,0,9,20,1356,1
0,0.3333333333333333,0,0.0,0,19,0,0,1,19,1171,1
0,0.3333333333333333,2,0.0,0,20,0,0,8,3,413,1
0,0.3333333333333333,4,0.0,0,20,1,0,6,38,1262,1
0,0.3333333333333333,2,0.0,0,0,0,0,16,34,941,1
0,0.3333333333333333,2,0.0,0,13,0,0,4,6,872,1
1,0.3333333333333333,2,0.0,0,0,0,1,1,11,1173,1
0,0.3333333333333333,2,0.0,0,0,0,0,0,10,1207,1
0,0.3333333333333333,2,0.0,0,0,1,0,16,4,1255,1
1,0.3333333333333333,2,0.0,0,20,0,0,1,16,713,1
0,0.3333333333333333,2,0.0,0,17,0,0,2,8,389,1
0,0.3333333333333333,0,0.0,0,0,0,0,0,0,719,1
0,0.3333333333333333,2,0.0,0,18,0,0,5,6,1042,1
0,0.3333333333333333,2,0.0,0,0,0,0,3,8,1306,1
0,0.3333333333333333,2,0.0,0,17,0,0,1,16,592,1
0,0.3333333333333333,2,0.0,0,0,0,0,6,7,638,1
0,0.3333333333333333,2,0.0,0,0,0,0,6,6,1375,1
1,0.3333333333333333,2,0.0,0,18,0,0,0,37,901,1
0,0.3333333333333333,2,0.0,0,0,0,1,1,21,390,1
0,0.3333333333333333,3,0.0,0,19,0,0,1,23,144,1
0,0.3333333333333333,2,0.0,0,16,0,0,0,1,348,1
0,0.3333333333333333,0,0.0,0,15,0,0,1,1,758,1
0,0.3333333333333333,2,0.0,0,0,0,0,21,95,1050,1
0,0.3333333333333333,2,0.0,0,19,1,0,1,11,377,1
1,0.3333333333333333,2,0.0,0,19,0,0,3,34,932,1
1,0.3333333333333333,2,0.0,0,19,0,0,4,11,974,1
0,0.3333333333333333,2,0.0,0,0,0,0,1,2,1033,1
1,0.3333333333333333,2,0.0,0,0,0,0,0,8,990,1
0,0.3333333333333333,0,0.0,0,16,0,0,0,26,1116,1
0,0.3333333333333333,2,0.0,0,17,0,1,5,16,1191,1
1,0.3333333333333333,2,0.0,0,19,1,0,6,18,1167,1
0,0.3333333333333333,2,0.0,0,17,0,0,15,5,1486,1
0,0.3333333333333333,2,0.0,0,0,0,0,3,19,766,1
0,0.3333333333333333,2,0.0,0,0,1,0,11,18,1395,1
1,0.3333333333333333,2,0.0,0,0,0,0,8,19,1671,1
0,0.3333333333333333,2,0.0,0,0,0,0,0,25,1380,1
1,0.3333333333333333,2,0.0,0,0,1,0,19,48,705,1
0,0.3333333333333333,2,0.0,0,0,0,0,0,6,942,1
0,0.3333333333333333,2,0.0,0,0,0,0,0,67,1069,1
0,0.3333333333333333,2,0.0,0,17,0,0,0,19,912,1
0,0.3333333333333333,2,0.0,0,16,0,0,0,12,1104,1
0,0.3333333333333333,2,0.0,0,0,0,0,3,4,1017,1
1,0.3333333333333333,2,0.0,0,0,0,0,8,36,897,1
0,0.3333333333333333,2,0.0,0,13,1,0,1,2,1681,1
0,0.3333333333333333,3,0.0,0,0,0,0,2,4,913,1
1,0.3333333333333333,2,0.0,0,0,0,0,9,45,999,1
0,0.3333333333333333,2,0.0,0,18,0,0,0,23,457,1
0,0.3333333333333333,2,0.0,0,16,0,0,2,29,1237,1
0,0.3333333333333333,2,0.0,0,13,0,0,1,21,585,1
0,0.3333333333333333,2,0.0,0,15,0,0,4,14,1060,1
0,0.3333333333333333,2,0.0,0,16,0,0,0,16,1530,1
0,0.3333333333333333,0,0.0,0,17,0,0,1,46,1130,1
1,0.3333333333333333,2,0.0,0,17,0,0,2,54,857,1
0,0.3333333333333333,0,0.0,0,20,1,0,6,33,783,1
0,0.3333333333333333,2,0.0,0,0,0,0,1,8,835,1
0,0.3333333333333333,2,0.0,0,0,0,0,6,3,1176,1
0,0.3333333333333333,0,0.0,0,20,0,0,4,1,1236,1
1,0.3333333333333333,2,0.0,0,17,1,0,0,0,1260,1
1,0.3333333333333333,2,0.0,0,0,0,0,10,1,548,1
1,0.3333333333333333,2,0.0,0,0,0,0,4,3,872,1
0,0.3333333333333333,2,0.0,0,0,1,0,3,3,1134,1
0,0.3333333333333333,0,0.0,0,20,0,0,1,0,1050,1
0,0.3333333333333333,0,0.0,0,0,0,0,0,1,1116,1
0,0.3333333333333333,2,0.0,0,0,0,0,12,5,1349,1
0,0.3333333333333333,0,0.0,0,0,0,0,1,2,1025,1
0,0.3333333333333333,2,0.0,0,0,0,0,0,65,737,1
0,0.3333333333333333,0,0.0,0,0,0,0,10,36,366,1
1,0.3333333333333333,2,0.0,0,0,0,0,8,9,1056,1
1,0.3333333333333333,2,0.0,0,0,0,0,4,37,965,1
1,0.3333333333333333,2,0.0,0,0,1,0,0,38,1408,1
0,0.3333333333333333,2,0.0,0,18,1,0,4,4,1462,1
1,0.3333333333333333,2,0.0,0,0,1,0,4,48,1018,1
1,0.3333333333333333,2,0.0,0,20,0,0,2,1,1267,1
0,0.3333333333333333,2,0.0,0,19,0,0,1,4,1226,1
0,0.3333333333333333,2,0.0,0,0,0,0,3,26,1263,1
1,0.3333333333333333,2,0.0,0,0,0,1,7,3,1394,1
0,0.3333333333333333,0,0.0,0,13,0,0,6,25,354,1
1,0.3333333333333333,2,0.0,0,17,0,0,3,19,1168,1
0,0.3333333333333333,2,0.0,0,18,1,0,6,40,986,1
1,0.3333333333333333,2,0.0,0,19,1,0,3,24,1446,1
0,0.3333333333333333,0,0.0,0,19,0,0,3,10,810,1
0,0.3333333333333333,2,0.0,0,0,0,1,3,8,1133,1
1,0.3333333333333333,2,0.0,0,19,1,0,19,0,733,1
1,0.3333333333333333,2,0.0,0,0,0,0,3,29,746,1
1,0.3333333333333333,2,0.0,0,0,1,0,4,3,1403,1
0,0.3333333333333333,2,0.0,0,17,0,0,0,29,713,1
1,0.3333333333333333,2,0.0,0,20,0,0,4,9,1125,1
0,0.3333333333333333,2,0.0,0,16,0,0,4,12,1175,1
0,0.3333333333333333,2,0.0,0,0,0,0,0,29,1242,1
1,0.3333333333333333,2,0.0,0,0,1,0,4,3,1303,1
1,0.3333333333333333,2,0.0,0,14,0,0,1,26,706,1
0,0.3333333333333333,0,0.0,0,17,1,0,0,1,974,1
1,0.3333333333333333,2,0.0,0,19,0,0,1,3,1172,1
1,0.3333333333333333,4,0.0,0,19,0,0,3,41,1340,1
0,0.3333333333333333,2,0.0,0,17,0,0,2,40,1166,1
0,0.3333333333333333,2,0.0,0,0,0,0,1,5,992,1
0,0.3333333333333333,2,0.0,0,0,0,0,1,30,1067,1
0,0.3333333333333333,2,0.0,0,20,0,0,5,20,523,1
1,0.3333333333333333,2,0.0,0,17,0,0,4,98,1615,1
1,0.3333333333333333,2,0.0,0,13,1,1,11,6,897,1
0,0.3333333333333333,2,0.0,0,19,0,1,7,17,772,1
1,0.3333333333333333,2,0.0,0,18,0,0,3,18,299,1
1,0.3333333333333333,2,0.0,0,17,0,0,10,19,1174,1
1,0.3333333333333333,2,0.0,0,0,1,0,12,13,946,1
0,0.3333333333333333,0,0.0,0,0,0,0,0,12,973,1
0,0.3333333333333333,2,0.0,0,0,0,0,9,18,1084,1
0,0.3333333333333333,2,0.0,0,15,0,0,7,45,1102,1
0,0.3333333333333333,2,0.0,0,0,1,0,3,9,1128,1
0,0.3333333333333333,2,0.0,0,20,0,0,3,19,854,1
1,0.3333333333333333,0,0.0,0,0,1,0,0,60,1046,1
1,0.3333333333333333,2,0.0,0,0,0,0,2,21,953,1
1,0.3333333333333333,2,0.0,0,17,0,0,10,33,1250,1
1,0.3333333333333333,2,0.0,0,13,0,0,0,16,1086,1
0,0.3333333333333333,0,0.0,0,17,0,0,0,42,846,1
0,0.3333333333333333,2,0.0,0,16,0,0,1,33,766,1
0,0.3333333333333333,2,0.0,0,0,0,0,15,17,1892,1
1,0.3333333333333333,2,0.0,0,13,1,0,1,12,936,1
1,0.3333333333333333,2,0.0,0,16,0,1,4,31,1077,1
0,0.3333333333333333,0,0.0,0,0,0,0,6,12,872,1
0,0.3333333333333333,2,0.0,0,20,0,1,11,27,1134,1
1,0.3333333333333333,0,0.0,0,16,0,0,30,1,743,1
1,0.3333333333333333,0,0.0,0,0,0,0,9,4,1032,1
0,0.3333333333333333,2,0.0,0,0,1,0,1,4,1229,1
1,0.3333333333333333,2,0.0,0,0,0,0,7,12,904,1
0,0.3333333333333333,3,0.0,0,0,1,0,0,18,1230,1
0,0.3333333333333333,0,0.0,0,19,1,0,7,2,1009,1
1,0.3333333333333333,3,0.0,0,0,1,0,5,57,912,1
0,0.3333333333333333,2,0.0,0,0,1,0,4,6,958,1
0,0.3333333333333333,3,0.0,0,17,0,0,7,4,613,1
0,0.3333333333333333,2,0.0,0,18,0,0,1,0,983,1
1,0.3333333333333333,2,0.0,0,0,0,0,0,10,1162,1
1,0.3333333333333333,0,0.0,0,0,0,0,3,10,641,1
0,0.3333333333333333,0,0.0,0,20,0,0,3,16,1489,1
0,0.3333333333333333,2,0.0,0,0,0,0,10,64,564,1
0,0.3333333333333333,2,0.0,0,15,0,0,2,21,973,1
1,0.3333333333333333,2,0.0,0,0,0,0,3,76,766,1
1,0.3333333333333333,0,0.0,0,0,0,0,7,58,1262,1
0,0.3333333333333333,2,0.0,0,17,0,0,10,8,1185,1
0,0.3333333333333333,2,0.0,0,0,1,0,1,11,973,1
1,0.3333333333333333,2,0.0,0,20,0,0,13,55,1407,1
